model,n_ratings,ndcg@10
pop,0,0.0637801287698499
content,0,0.0637801287698499
iknn,0,0.0637801287698499
mf,0,0.0637801287698499
hybrid,0,0.0637801287698499
pop,1,0.0637801287698499
content,1,0.004461608721654444
iknn,1,0.019083771489018235
mf,1,0.016417563541151887
hybrid,1,0.0331608501438051
pop,3,0.0637801287698499
content,3,0.004457047421691073
iknn,3,0.027397914987032403
mf,3,0.021728378478534018
hybrid,3,0.03545422988842893
pop,5,0.0637801287698499
content,5,0.0047541980007679814
iknn,5,0.03434804444243816
mf,5,0.02040794124143829
hybrid,5,0.040702261845282715
pop,10,0.0637801287698499
content,10,0.00219556857274861
iknn,10,0.03877786177741489
mf,10,0.023240126611637074
hybrid,10,0.04194493256082293
pop,20,0.0637801287698499
content,20,0.004125569140967849
iknn,20,0.05511147273320755
mf,20,0.025669149908779772
hybrid,20,0.061893677900805695
pop,50,0.0637801287698499
content,50,0.0030703730302742214
iknn,50,0.06545544404094018
mf,50,0.029919879196058125
hybrid,50,0.07181755441516674
hybrid_cold,0,0.0637801287698499
hybrid_cold,1,0.06033037955979725
hybrid_cold,3,0.06530885999211561
hybrid_cold,5,0.06632199191274953
hybrid_cold,10,0.04194493256082293
hybrid_cold,20,0.061893677900805695
hybrid_cold,50,0.07181755441516674
