feature_set,w_genre,w_tag,w_decade,profile_mode,popularity_weight,precision@10,recall@10,ndcg@10,coverage,novelty,users_evaluated,params
genres,1.0,0.0,0.3,centered,0.0,0.002166064981949459,0.001989658517173308,0.0027675694497316995,0.3169780332580579,19.689642755358157,554,"{""feature_set"": ""genres"", ""popularity_weight"": 0.0, ""profile_mode"": ""centered"", ""w_decade"": 0.3, ""w_genre"": 1.0, ""w_tag"": 0.0}"
genres,1.0,0.0,0.3,centered,0.1,0.014620938628158844,0.03661534066478217,0.03378604449103304,0.15561486347772532,11.778239400930968,554,"{""feature_set"": ""genres"", ""popularity_weight"": 0.1, ""profile_mode"": ""centered"", ""w_decade"": 0.3, ""w_genre"": 1.0, ""w_tag"": 0.0}"
genres,1.0,0.0,0.3,centered,0.25,0.020938628158844768,0.05563466620486583,0.04815976506574893,0.10100595360295628,10.221666570270799,554,"{""feature_set"": ""genres"", ""popularity_weight"": 0.25, ""profile_mode"": ""centered"", ""w_decade"": 0.3, ""w_genre"": 1.0, ""w_tag"": 0.0}"
genres,1.0,0.0,0.3,centered,0.5,0.027256317689530688,0.07365245010036707,0.05779297921538375,0.06785054403613221,9.473717898276714,554,"{""feature_set"": ""genres"", ""popularity_weight"": 0.5, ""profile_mode"": ""centered"", ""w_decade"": 0.3, ""w_genre"": 1.0, ""w_tag"": 0.0}"
genres,1.0,0.0,0.3,centered,1.0,0.03032490974729242,0.07572805563279376,0.0641805547143161,0.04383083555738042,8.999567425474506,554,"{""feature_set"": ""genres"", ""popularity_weight"": 1.0, ""profile_mode"": ""centered"", ""w_decade"": 0.3, ""w_genre"": 1.0, ""w_tag"": 0.0}"
genres,1.0,0.0,0.3,ones,0.0,0.0012635379061371843,0.003989525650175469,0.003743607171398302,0.13539314309176761,17.481030537137542,554,"{""feature_set"": ""genres"", ""popularity_weight"": 0.0, ""profile_mode"": ""ones"", ""w_decade"": 0.3, ""w_genre"": 1.0, ""w_tag"": 0.0}"
genres,1.0,0.0,0.3,ones,0.1,0.005054151624548737,0.01263569949691615,0.010302363712647564,0.07226442208991993,13.919314643646459,554,"{""feature_set"": ""genres"", ""popularity_weight"": 0.1, ""profile_mode"": ""ones"", ""w_decade"": 0.3, ""w_genre"": 1.0, ""w_tag"": 0.0}"
genres,1.0,0.0,0.3,ones,0.25,0.009927797833935019,0.030520777715929384,0.023111614918792642,0.0637446109628413,12.663463399798452,554,"{""feature_set"": ""genres"", ""popularity_weight"": 0.25, ""profile_mode"": ""ones"", ""w_decade"": 0.3, ""w_genre"": 1.0, ""w_tag"": 0.0}"
genres,1.0,0.0,0.3,ones,0.5,0.01444043321299639,0.045221940973049324,0.033593482259050324,0.05265859166495586,11.48096054758006,554,"{""feature_set"": ""genres"", ""popularity_weight"": 0.5, ""profile_mode"": ""ones"", ""w_decade"": 0.3, ""w_genre"": 1.0, ""w_tag"": 0.0}"
genres,1.0,0.0,0.3,ones,1.0,0.018592057761732853,0.0613408835360352,0.04474209732182677,0.04105933073290905,10.344812670262193,554,"{""feature_set"": ""genres"", ""popularity_weight"": 1.0, ""profile_mode"": ""ones"", ""w_decade"": 0.3, ""w_genre"": 1.0, ""w_tag"": 0.0}"
genres,1.0,0.0,0.3,liked,0.0,0.0023465703971119133,0.006979692990523315,0.005292828116987401,0.17583658386368303,17.603526365792117,554,"{""feature_set"": ""genres"", ""popularity_weight"": 0.0, ""profile_mode"": ""liked"", ""w_decade"": 0.3, ""w_genre"": 1.0, ""w_tag"": 0.0}"
genres,1.0,0.0,0.3,liked,0.1,0.00848375451263538,0.019159988316384092,0.016578948857985276,0.0877643194415931,13.035690956395804,554,"{""feature_set"": ""genres"", ""popularity_weight"": 0.1, ""profile_mode"": ""liked"", ""w_decade"": 0.3, ""w_genre"": 1.0, ""w_tag"": 0.0}"
genres,1.0,0.0,0.3,liked,0.25,0.015342960288808664,0.04501118118021234,0.03383196548683813,0.06733730240197085,11.620437511398883,554,"{""feature_set"": ""genres"", ""popularity_weight"": 0.25, ""profile_mode"": ""liked"", ""w_decade"": 0.3, ""w_genre"": 1.0, ""w_tag"": 0.0}"
genres,1.0,0.0,0.3,liked,0.5,0.019133574007220214,0.056682670875167734,0.04533373162505495,0.05604598645042086,10.523352761058229,554,"{""feature_set"": ""genres"", ""popularity_weight"": 0.5, ""profile_mode"": ""liked"", ""w_decade"": 0.3, ""w_genre"": 1.0, ""w_tag"": 0.0}"
genres,1.0,0.0,0.3,liked,1.0,0.0240072202166065,0.06892365909364553,0.05595756044329569,0.04095668240607678,9.627650257153372,554,"{""feature_set"": ""genres"", ""popularity_weight"": 1.0, ""profile_mode"": ""liked"", ""w_decade"": 0.3, ""w_genre"": 1.0, ""w_tag"": 0.0}"
genres,1.0,0.25,0.3,centered,0.0,0.002166064981949459,0.001989658517173308,0.0027675694497316995,0.3169780332580579,19.689642755358157,554,"{""feature_set"": ""genres"", ""popularity_weight"": 0.0, ""profile_mode"": ""centered"", ""w_decade"": 0.3, ""w_genre"": 1.0, ""w_tag"": 0.25}"
genres,1.0,0.25,0.3,centered,0.1,0.014620938628158844,0.03661534066478217,0.03378604449103304,0.15561486347772532,11.778239400930968,554,"{""feature_set"": ""genres"", ""popularity_weight"": 0.1, ""profile_mode"": ""centered"", ""w_decade"": 0.3, ""w_genre"": 1.0, ""w_tag"": 0.25}"
genres,1.0,0.25,0.3,centered,0.25,0.020938628158844768,0.05563466620486583,0.04815976506574893,0.10100595360295628,10.221666570270799,554,"{""feature_set"": ""genres"", ""popularity_weight"": 0.25, ""profile_mode"": ""centered"", ""w_decade"": 0.3, ""w_genre"": 1.0, ""w_tag"": 0.25}"
genres,1.0,0.25,0.3,centered,0.5,0.027256317689530688,0.07365245010036707,0.05779297921538375,0.06785054403613221,9.473717898276714,554,"{""feature_set"": ""genres"", ""popularity_weight"": 0.5, ""profile_mode"": ""centered"", ""w_decade"": 0.3, ""w_genre"": 1.0, ""w_tag"": 0.25}"
genres,1.0,0.25,0.3,centered,1.0,0.03032490974729242,0.07572805563279376,0.0641805547143161,0.04383083555738042,8.999567425474506,554,"{""feature_set"": ""genres"", ""popularity_weight"": 1.0, ""profile_mode"": ""centered"", ""w_decade"": 0.3, ""w_genre"": 1.0, ""w_tag"": 0.25}"
genres,1.0,0.25,0.3,ones,0.0,0.0012635379061371843,0.003989525650175469,0.003743607171398302,0.13539314309176761,17.481030537137542,554,"{""feature_set"": ""genres"", ""popularity_weight"": 0.0, ""profile_mode"": ""ones"", ""w_decade"": 0.3, ""w_genre"": 1.0, ""w_tag"": 0.25}"
genres,1.0,0.25,0.3,ones,0.1,0.005054151624548737,0.01263569949691615,0.010302363712647564,0.07226442208991993,13.919314643646459,554,"{""feature_set"": ""genres"", ""popularity_weight"": 0.1, ""profile_mode"": ""ones"", ""w_decade"": 0.3, ""w_genre"": 1.0, ""w_tag"": 0.25}"
genres,1.0,0.25,0.3,ones,0.25,0.009927797833935019,0.030520777715929384,0.023111614918792642,0.0637446109628413,12.663463399798452,554,"{""feature_set"": ""genres"", ""popularity_weight"": 0.25, ""profile_mode"": ""ones"", ""w_decade"": 0.3, ""w_genre"": 1.0, ""w_tag"": 0.25}"
genres,1.0,0.25,0.3,ones,0.5,0.01444043321299639,0.045221940973049324,0.033593482259050324,0.05265859166495586,11.48096054758006,554,"{""feature_set"": ""genres"", ""popularity_weight"": 0.5, ""profile_mode"": ""ones"", ""w_decade"": 0.3, ""w_genre"": 1.0, ""w_tag"": 0.25}"
genres,1.0,0.25,0.3,ones,1.0,0.018592057761732853,0.0613408835360352,0.04474209732182677,0.04105933073290905,10.344812670262193,554,"{""feature_set"": ""genres"", ""popularity_weight"": 1.0, ""profile_mode"": ""ones"", ""w_decade"": 0.3, ""w_genre"": 1.0, ""w_tag"": 0.25}"
genres,1.0,0.25,0.3,liked,0.0,0.0023465703971119133,0.006979692990523315,0.005292828116987401,0.17583658386368303,17.603526365792117,554,"{""feature_set"": ""genres"", ""popularity_weight"": 0.0, ""profile_mode"": ""liked"", ""w_decade"": 0.3, ""w_genre"": 1.0, ""w_tag"": 0.25}"
genres,1.0,0.25,0.3,liked,0.1,0.00848375451263538,0.019159988316384092,0.016578948857985276,0.0877643194415931,13.035690956395804,554,"{""feature_set"": ""genres"", ""popularity_weight"": 0.1, ""profile_mode"": ""liked"", ""w_decade"": 0.3, ""w_genre"": 1.0, ""w_tag"": 0.25}"
genres,1.0,0.25,0.3,liked,0.25,0.015342960288808664,0.04501118118021234,0.03383196548683813,0.06733730240197085,11.620437511398883,554,"{""feature_set"": ""genres"", ""popularity_weight"": 0.25, ""profile_mode"": ""liked"", ""w_decade"": 0.3, ""w_genre"": 1.0, ""w_tag"": 0.25}"
genres,1.0,0.25,0.3,liked,0.5,0.019133574007220214,0.056682670875167734,0.04533373162505495,0.05604598645042086,10.523352761058229,554,"{""feature_set"": ""genres"", ""popularity_weight"": 0.5, ""profile_mode"": ""liked"", ""w_decade"": 0.3, ""w_genre"": 1.0, ""w_tag"": 0.25}"
genres,1.0,0.25,0.3,liked,1.0,0.0240072202166065,0.06892365909364553,0.05595756044329569,0.04095668240607678,9.627650257153372,554,"{""feature_set"": ""genres"", ""popularity_weight"": 1.0, ""profile_mode"": ""liked"", ""w_decade"": 0.3, ""w_genre"": 1.0, ""w_tag"": 0.25}"
genres,1.0,0.5,0.3,centered,0.0,0.002166064981949459,0.001989658517173308,0.0027675694497316995,0.3169780332580579,19.689642755358157,554,"{""feature_set"": ""genres"", ""popularity_weight"": 0.0, ""profile_mode"": ""centered"", ""w_decade"": 0.3, ""w_genre"": 1.0, ""w_tag"": 0.5}"
genres,1.0,0.5,0.3,centered,0.1,0.014620938628158844,0.03661534066478217,0.03378604449103304,0.15561486347772532,11.778239400930968,554,"{""feature_set"": ""genres"", ""popularity_weight"": 0.1, ""profile_mode"": ""centered"", ""w_decade"": 0.3, ""w_genre"": 1.0, ""w_tag"": 0.5}"
genres,1.0,0.5,0.3,centered,0.25,0.020938628158844768,0.05563466620486583,0.04815976506574893,0.10100595360295628,10.221666570270799,554,"{""feature_set"": ""genres"", ""popularity_weight"": 0.25, ""profile_mode"": ""centered"", ""w_decade"": 0.3, ""w_genre"": 1.0, ""w_tag"": 0.5}"
genres,1.0,0.5,0.3,centered,0.5,0.027256317689530688,0.07365245010036707,0.05779297921538375,0.06785054403613221,9.473717898276714,554,"{""feature_set"": ""genres"", ""popularity_weight"": 0.5, ""profile_mode"": ""centered"", ""w_decade"": 0.3, ""w_genre"": 1.0, ""w_tag"": 0.5}"
genres,1.0,0.5,0.3,centered,1.0,0.03032490974729242,0.07572805563279376,0.0641805547143161,0.04383083555738042,8.999567425474506,554,"{""feature_set"": ""genres"", ""popularity_weight"": 1.0, ""profile_mode"": ""centered"", ""w_decade"": 0.3, ""w_genre"": 1.0, ""w_tag"": 0.5}"
genres,1.0,0.5,0.3,ones,0.0,0.0012635379061371843,0.003989525650175469,0.003743607171398302,0.13539314309176761,17.481030537137542,554,"{""feature_set"": ""genres"", ""popularity_weight"": 0.0, ""profile_mode"": ""ones"", ""w_decade"": 0.3, ""w_genre"": 1.0, ""w_tag"": 0.5}"
genres,1.0,0.5,0.3,ones,0.1,0.005054151624548737,0.01263569949691615,0.010302363712647564,0.07226442208991993,13.919314643646459,554,"{""feature_set"": ""genres"", ""popularity_weight"": 0.1, ""profile_mode"": ""ones"", ""w_decade"": 0.3, ""w_genre"": 1.0, ""w_tag"": 0.5}"
genres,1.0,0.5,0.3,ones,0.25,0.009927797833935019,0.030520777715929384,0.023111614918792642,0.0637446109628413,12.663463399798452,554,"{""feature_set"": ""genres"", ""popularity_weight"": 0.25, ""profile_mode"": ""ones"", ""w_decade"": 0.3, ""w_genre"": 1.0, ""w_tag"": 0.5}"
genres,1.0,0.5,0.3,ones,0.5,0.01444043321299639,0.045221940973049324,0.033593482259050324,0.05265859166495586,11.48096054758006,554,"{""feature_set"": ""genres"", ""popularity_weight"": 0.5, ""profile_mode"": ""ones"", ""w_decade"": 0.3, ""w_genre"": 1.0, ""w_tag"": 0.5}"
genres,1.0,0.5,0.3,ones,1.0,0.018592057761732853,0.0613408835360352,0.04474209732182677,0.04105933073290905,10.344812670262193,554,"{""feature_set"": ""genres"", ""popularity_weight"": 1.0, ""profile_mode"": ""ones"", ""w_decade"": 0.3, ""w_genre"": 1.0, ""w_tag"": 0.5}"
genres,1.0,0.5,0.3,liked,0.0,0.0023465703971119133,0.006979692990523315,0.005292828116987401,0.17583658386368303,17.603526365792117,554,"{""feature_set"": ""genres"", ""popularity_weight"": 0.0, ""profile_mode"": ""liked"", ""w_decade"": 0.3, ""w_genre"": 1.0, ""w_tag"": 0.5}"
genres,1.0,0.5,0.3,liked,0.1,0.00848375451263538,0.019159988316384092,0.016578948857985276,0.0877643194415931,13.035690956395804,554,"{""feature_set"": ""genres"", ""popularity_weight"": 0.1, ""profile_mode"": ""liked"", ""w_decade"": 0.3, ""w_genre"": 1.0, ""w_tag"": 0.5}"
genres,1.0,0.5,0.3,liked,0.25,0.015342960288808664,0.04501118118021234,0.03383196548683813,0.06733730240197085,11.620437511398883,554,"{""feature_set"": ""genres"", ""popularity_weight"": 0.25, ""profile_mode"": ""liked"", ""w_decade"": 0.3, ""w_genre"": 1.0, ""w_tag"": 0.5}"
genres,1.0,0.5,0.3,liked,0.5,0.019133574007220214,0.056682670875167734,0.04533373162505495,0.05604598645042086,10.523352761058229,554,"{""feature_set"": ""genres"", ""popularity_weight"": 0.5, ""profile_mode"": ""liked"", ""w_decade"": 0.3, ""w_genre"": 1.0, ""w_tag"": 0.5}"
genres,1.0,0.5,0.3,liked,1.0,0.0240072202166065,0.06892365909364553,0.05595756044329569,0.04095668240607678,9.627650257153372,554,"{""feature_set"": ""genres"", ""popularity_weight"": 1.0, ""profile_mode"": ""liked"", ""w_decade"": 0.3, ""w_genre"": 1.0, ""w_tag"": 0.5}"
genres,1.0,1.0,0.3,centered,0.0,0.002166064981949459,0.001989658517173308,0.0027675694497316995,0.3169780332580579,19.689642755358157,554,"{""feature_set"": ""genres"", ""popularity_weight"": 0.0, ""profile_mode"": ""centered"", ""w_decade"": 0.3, ""w_genre"": 1.0, ""w_tag"": 1.0}"
genres,1.0,1.0,0.3,centered,0.1,0.014620938628158844,0.03661534066478217,0.03378604449103304,0.15561486347772532,11.778239400930968,554,"{""feature_set"": ""genres"", ""popularity_weight"": 0.1, ""profile_mode"": ""centered"", ""w_decade"": 0.3, ""w_genre"": 1.0, ""w_tag"": 1.0}"
genres,1.0,1.0,0.3,centered,0.25,0.020938628158844768,0.05563466620486583,0.04815976506574893,0.10100595360295628,10.221666570270799,554,"{""feature_set"": ""genres"", ""popularity_weight"": 0.25, ""profile_mode"": ""centered"", ""w_decade"": 0.3, ""w_genre"": 1.0, ""w_tag"": 1.0}"
genres,1.0,1.0,0.3,centered,0.5,0.027256317689530688,0.07365245010036707,0.05779297921538375,0.06785054403613221,9.473717898276714,554,"{""feature_set"": ""genres"", ""popularity_weight"": 0.5, ""profile_mode"": ""centered"", ""w_decade"": 0.3, ""w_genre"": 1.0, ""w_tag"": 1.0}"
genres,1.0,1.0,0.3,centered,1.0,0.03032490974729242,0.07572805563279376,0.0641805547143161,0.04383083555738042,8.999567425474506,554,"{""feature_set"": ""genres"", ""popularity_weight"": 1.0, ""profile_mode"": ""centered"", ""w_decade"": 0.3, ""w_genre"": 1.0, ""w_tag"": 1.0}"
genres,1.0,1.0,0.3,ones,0.0,0.0012635379061371843,0.003989525650175469,0.003743607171398302,0.13539314309176761,17.481030537137542,554,"{""feature_set"": ""genres"", ""popularity_weight"": 0.0, ""profile_mode"": ""ones"", ""w_decade"": 0.3, ""w_genre"": 1.0, ""w_tag"": 1.0}"
genres,1.0,1.0,0.3,ones,0.1,0.005054151624548737,0.01263569949691615,0.010302363712647564,0.07226442208991993,13.919314643646459,554,"{""feature_set"": ""genres"", ""popularity_weight"": 0.1, ""profile_mode"": ""ones"", ""w_decade"": 0.3, ""w_genre"": 1.0, ""w_tag"": 1.0}"
genres,1.0,1.0,0.3,ones,0.25,0.009927797833935019,0.030520777715929384,0.023111614918792642,0.0637446109628413,12.663463399798452,554,"{""feature_set"": ""genres"", ""popularity_weight"": 0.25, ""profile_mode"": ""ones"", ""w_decade"": 0.3, ""w_genre"": 1.0, ""w_tag"": 1.0}"
genres,1.0,1.0,0.3,ones,0.5,0.01444043321299639,0.045221940973049324,0.033593482259050324,0.05265859166495586,11.48096054758006,554,"{""feature_set"": ""genres"", ""popularity_weight"": 0.5, ""profile_mode"": ""ones"", ""w_decade"": 0.3, ""w_genre"": 1.0, ""w_tag"": 1.0}"
genres,1.0,1.0,0.3,ones,1.0,0.018592057761732853,0.0613408835360352,0.04474209732182677,0.04105933073290905,10.344812670262193,554,"{""feature_set"": ""genres"", ""popularity_weight"": 1.0, ""profile_mode"": ""ones"", ""w_decade"": 0.3, ""w_genre"": 1.0, ""w_tag"": 1.0}"
genres,1.0,1.0,0.3,liked,0.0,0.0023465703971119133,0.006979692990523315,0.005292828116987401,0.17583658386368303,17.603526365792117,554,"{""feature_set"": ""genres"", ""popularity_weight"": 0.0, ""profile_mode"": ""liked"", ""w_decade"": 0.3, ""w_genre"": 1.0, ""w_tag"": 1.0}"
genres,1.0,1.0,0.3,liked,0.1,0.00848375451263538,0.019159988316384092,0.016578948857985276,0.0877643194415931,13.035690956395804,554,"{""feature_set"": ""genres"", ""popularity_weight"": 0.1, ""profile_mode"": ""liked"", ""w_decade"": 0.3, ""w_genre"": 1.0, ""w_tag"": 1.0}"
genres,1.0,1.0,0.3,liked,0.25,0.015342960288808664,0.04501118118021234,0.03383196548683813,0.06733730240197085,11.620437511398883,554,"{""feature_set"": ""genres"", ""popularity_weight"": 0.25, ""profile_mode"": ""liked"", ""w_decade"": 0.3, ""w_genre"": 1.0, ""w_tag"": 1.0}"
genres,1.0,1.0,0.3,liked,0.5,0.019133574007220214,0.056682670875167734,0.04533373162505495,0.05604598645042086,10.523352761058229,554,"{""feature_set"": ""genres"", ""popularity_weight"": 0.5, ""profile_mode"": ""liked"", ""w_decade"": 0.3, ""w_genre"": 1.0, ""w_tag"": 1.0}"
genres,1.0,1.0,0.3,liked,1.0,0.0240072202166065,0.06892365909364553,0.05595756044329569,0.04095668240607678,9.627650257153372,554,"{""feature_set"": ""genres"", ""popularity_weight"": 1.0, ""profile_mode"": ""liked"", ""w_decade"": 0.3, ""w_genre"": 1.0, ""w_tag"": 1.0}"
genres+tags,1.0,0.0,0.3,centered,0.0,0.002166064981949459,0.001989658517173308,0.0027675694497316995,0.3169780332580579,19.689642755358157,554,"{""feature_set"": ""genres+tags"", ""popularity_weight"": 0.0, ""profile_mode"": ""centered"", ""w_decade"": 0.3, ""w_genre"": 1.0, ""w_tag"": 0.0}"
genres+tags,1.0,0.0,0.3,centered,0.1,0.014620938628158844,0.03661534066478217,0.03378604449103304,0.15561486347772532,11.778239400930968,554,"{""feature_set"": ""genres+tags"", ""popularity_weight"": 0.1, ""profile_mode"": ""centered"", ""w_decade"": 0.3, ""w_genre"": 1.0, ""w_tag"": 0.0}"
genres+tags,1.0,0.0,0.3,centered,0.25,0.020938628158844768,0.05563466620486583,0.04815976506574893,0.10100595360295628,10.221666570270799,554,"{""feature_set"": ""genres+tags"", ""popularity_weight"": 0.25, ""profile_mode"": ""centered"", ""w_decade"": 0.3, ""w_genre"": 1.0, ""w_tag"": 0.0}"
genres+tags,1.0,0.0,0.3,centered,0.5,0.027256317689530688,0.07365245010036707,0.05779297921538375,0.06785054403613221,9.473717898276714,554,"{""feature_set"": ""genres+tags"", ""popularity_weight"": 0.5, ""profile_mode"": ""centered"", ""w_decade"": 0.3, ""w_genre"": 1.0, ""w_tag"": 0.0}"
genres+tags,1.0,0.0,0.3,centered,1.0,0.03032490974729242,0.07572805563279376,0.0641805547143161,0.04383083555738042,8.999567425474506,554,"{""feature_set"": ""genres+tags"", ""popularity_weight"": 1.0, ""profile_mode"": ""centered"", ""w_decade"": 0.3, ""w_genre"": 1.0, ""w_tag"": 0.0}"
genres+tags,1.0,0.0,0.3,ones,0.0,0.0012635379061371843,0.003989525650175469,0.003743607171398302,0.13539314309176761,17.481030537137542,554,"{""feature_set"": ""genres+tags"", ""popularity_weight"": 0.0, ""profile_mode"": ""ones"", ""w_decade"": 0.3, ""w_genre"": 1.0, ""w_tag"": 0.0}"
genres+tags,1.0,0.0,0.3,ones,0.1,0.005054151624548737,0.01263569949691615,0.010302363712647564,0.07226442208991993,13.919314643646459,554,"{""feature_set"": ""genres+tags"", ""popularity_weight"": 0.1, ""profile_mode"": ""ones"", ""w_decade"": 0.3, ""w_genre"": 1.0, ""w_tag"": 0.0}"
genres+tags,1.0,0.0,0.3,ones,0.25,0.009927797833935019,0.030520777715929384,0.023111614918792642,0.0637446109628413,12.663463399798452,554,"{""feature_set"": ""genres+tags"", ""popularity_weight"": 0.25, ""profile_mode"": ""ones"", ""w_decade"": 0.3, ""w_genre"": 1.0, ""w_tag"": 0.0}"
genres+tags,1.0,0.0,0.3,ones,0.5,0.01444043321299639,0.045221940973049324,0.033593482259050324,0.05265859166495586,11.48096054758006,554,"{""feature_set"": ""genres+tags"", ""popularity_weight"": 0.5, ""profile_mode"": ""ones"", ""w_decade"": 0.3, ""w_genre"": 1.0, ""w_tag"": 0.0}"
genres+tags,1.0,0.0,0.3,ones,1.0,0.018592057761732853,0.0613408835360352,0.04474209732182677,0.04105933073290905,10.344812670262193,554,"{""feature_set"": ""genres+tags"", ""popularity_weight"": 1.0, ""profile_mode"": ""ones"", ""w_decade"": 0.3, ""w_genre"": 1.0, ""w_tag"": 0.0}"
genres+tags,1.0,0.0,0.3,liked,0.0,0.0023465703971119133,0.006979692990523315,0.005292828116987401,0.17583658386368303,17.603526365792117,554,"{""feature_set"": ""genres+tags"", ""popularity_weight"": 0.0, ""profile_mode"": ""liked"", ""w_decade"": 0.3, ""w_genre"": 1.0, ""w_tag"": 0.0}"
genres+tags,1.0,0.0,0.3,liked,0.1,0.00848375451263538,0.019159988316384092,0.016578948857985276,0.0877643194415931,13.035690956395804,554,"{""feature_set"": ""genres+tags"", ""popularity_weight"": 0.1, ""profile_mode"": ""liked"", ""w_decade"": 0.3, ""w_genre"": 1.0, ""w_tag"": 0.0}"
genres+tags,1.0,0.0,0.3,liked,0.25,0.015342960288808664,0.04501118118021234,0.03383196548683813,0.06733730240197085,11.620437511398883,554,"{""feature_set"": ""genres+tags"", ""popularity_weight"": 0.25, ""profile_mode"": ""liked"", ""w_decade"": 0.3, ""w_genre"": 1.0, ""w_tag"": 0.0}"
genres+tags,1.0,0.0,0.3,liked,0.5,0.019133574007220214,0.056682670875167734,0.04533373162505495,0.05604598645042086,10.523352761058229,554,"{""feature_set"": ""genres+tags"", ""popularity_weight"": 0.5, ""profile_mode"": ""liked"", ""w_decade"": 0.3, ""w_genre"": 1.0, ""w_tag"": 0.0}"
genres+tags,1.0,0.0,0.3,liked,1.0,0.0240072202166065,0.06892365909364553,0.05595756044329569,0.04095668240607678,9.627650257153372,554,"{""feature_set"": ""genres+tags"", ""popularity_weight"": 1.0, ""profile_mode"": ""liked"", ""w_decade"": 0.3, ""w_genre"": 1.0, ""w_tag"": 0.0}"
genres+tags,1.0,0.25,0.3,centered,0.0,0.001624548736462094,0.0021165116817426044,0.0021955753101759747,0.3101005953602956,20.51084717120193,554,"{""feature_set"": ""genres+tags"", ""popularity_weight"": 0.0, ""profile_mode"": ""centered"", ""w_decade"": 0.3, ""w_genre"": 1.0, ""w_tag"": 0.25}"
genres+tags,1.0,0.25,0.3,centered,0.1,0.013898916967509025,0.03566633495989903,0.03183164691168603,0.16300554300964895,12.24142479032025,554,"{""feature_set"": ""genres+tags"", ""popularity_weight"": 0.1, ""profile_mode"": ""centered"", ""w_decade"": 0.3, ""w_genre"": 1.0, ""w_tag"": 0.25}"
genres+tags,1.0,0.25,0.3,centered,0.25,0.020938628158844768,0.05991250345245742,0.04925086657090982,0.10264832683227264,10.38232429542881,554,"{""feature_set"": ""genres+tags"", ""popularity_weight"": 0.25, ""profile_mode"": ""centered"", ""w_decade"": 0.3, ""w_genre"": 1.0, ""w_tag"": 0.25}"
genres+tags,1.0,0.25,0.3,centered,0.5,0.02707581227436823,0.07381171826117419,0.057692394346878985,0.07021145555327449,9.52506685098881,554,"{""feature_set"": ""genres+tags"", ""popularity_weight"": 0.5, ""profile_mode"": ""centered"", ""w_decade"": 0.3, ""w_genre"": 1.0, ""w_tag"": 0.25}"
genres+tags,1.0,0.25,0.3,centered,1.0,0.029963898916967505,0.07523088950429895,0.06415441490643431,0.04485731882570314,9.007762173495973,554,"{""feature_set"": ""genres+tags"", ""popularity_weight"": 1.0, ""profile_mode"": ""centered"", ""w_decade"": 0.3, ""w_genre"": 1.0, ""w_tag"": 0.25}"
genres+tags,1.0,0.25,0.3,ones,0.0,0.0014440433212996391,0.005083063747323675,0.0035433867153942433,0.1324163416136317,17.89422028609321,554,"{""feature_set"": ""genres+tags"", ""popularity_weight"": 0.0, ""profile_mode"": ""ones"", ""w_decade"": 0.3, ""w_genre"": 1.0, ""w_tag"": 0.25}"
genres+tags,1.0,0.25,0.3,ones,0.1,0.004693140794223827,0.012549348188277111,0.009450482509363122,0.07113529049476494,14.396952613740433,554,"{""feature_set"": ""genres+tags"", ""popularity_weight"": 0.1, ""profile_mode"": ""ones"", ""w_decade"": 0.3, ""w_genre"": 1.0, ""w_tag"": 0.25}"
genres+tags,1.0,0.25,0.3,ones,0.25,0.009025270758122744,0.026710666546346372,0.021511585967730246,0.0637446109628413,13.08464348833908,554,"{""feature_set"": ""genres+tags"", ""popularity_weight"": 0.25, ""profile_mode"": ""ones"", ""w_decade"": 0.3, ""w_genre"": 1.0, ""w_tag"": 0.25}"
genres+tags,1.0,0.25,0.3,ones,0.5,0.01444043321299639,0.048545264960367165,0.03395746570001589,0.05378772326011086,11.762324326098918,554,"{""feature_set"": ""genres+tags"", ""popularity_weight"": 0.5, ""profile_mode"": ""ones"", ""w_decade"": 0.3, ""w_genre"": 1.0, ""w_tag"": 0.25}"
genres+tags,1.0,0.25,0.3,ones,1.0,0.01895306859205776,0.06306687785743131,0.0448765632299982,0.04188051734756724,10.525631759766233,554,"{""feature_set"": ""genres+tags"", ""popularity_weight"": 1.0, ""profile_mode"": ""ones"", ""w_decade"": 0.3, ""w_genre"": 1.0, ""w_tag"": 0.25}"
genres+tags,1.0,0.25,0.3,liked,0.0,0.0021660649819494585,0.005144554603038357,0.004109561499382387,0.17111476082939847,18.172746809033864,554,"{""feature_set"": ""genres+tags"", ""popularity_weight"": 0.0, ""profile_mode"": ""liked"", ""w_decade"": 0.3, ""w_genre"": 1.0, ""w_tag"": 0.25}"
genres+tags,1.0,0.25,0.3,liked,0.1,0.007400722021660649,0.01745647579240459,0.01460993087593345,0.08879080270991582,13.518313603372345,554,"{""feature_set"": ""genres+tags"", ""popularity_weight"": 0.1, ""profile_mode"": ""liked"", ""w_decade"": 0.3, ""w_genre"": 1.0, ""w_tag"": 0.25}"
genres+tags,1.0,0.25,0.3,liked,0.25,0.014079422382671479,0.04364480310889075,0.03325949118361953,0.07072469718743585,11.949143107709967,554,"{""feature_set"": ""genres+tags"", ""popularity_weight"": 0.25, ""profile_mode"": ""liked"", ""w_decade"": 0.3, ""w_genre"": 1.0, ""w_tag"": 0.25}"
genres+tags,1.0,0.25,0.3,liked,0.5,0.018050541516245487,0.05528626446585988,0.04405350218412874,0.05686717306507904,10.75070966239063,554,"{""feature_set"": ""genres+tags"", ""popularity_weight"": 0.5, ""profile_mode"": ""liked"", ""w_decade"": 0.3, ""w_genre"": 1.0, ""w_tag"": 0.25}"
genres+tags,1.0,0.25,0.3,liked,1.0,0.02364620938628159,0.06857852959301532,0.055710125515538216,0.04136727571340587,9.73616963803056,554,"{""feature_set"": ""genres+tags"", ""popularity_weight"": 1.0, ""profile_mode"": ""liked"", ""w_decade"": 0.3, ""w_genre"": 1.0, ""w_tag"": 0.25}"
genres+tags,1.0,0.5,0.3,centered,0.0,0.0018050541516245488,0.002756233938544408,0.002145648734991761,0.30804762882365017,20.593339708333517,554,"{""feature_set"": ""genres+tags"", ""popularity_weight"": 0.0, ""profile_mode"": ""centered"", ""w_decade"": 0.3, ""w_genre"": 1.0, ""w_tag"": 0.5}"
genres+tags,1.0,0.5,0.3,centered,0.1,0.011010830324909746,0.027860192045452873,0.027713242619475532,0.16536645452679122,12.708450058014723,554,"{""feature_set"": ""genres+tags"", ""popularity_weight"": 0.1, ""profile_mode"": ""centered"", ""w_decade"": 0.3, ""w_genre"": 1.0, ""w_tag"": 0.5}"
genres+tags,1.0,0.5,0.3,centered,0.25,0.020938628158844768,0.06267309023831497,0.048592300277180554,0.1050092383494149,10.578140130588809,554,"{""feature_set"": ""genres+tags"", ""popularity_weight"": 0.25, ""profile_mode"": ""centered"", ""w_decade"": 0.3, ""w_genre"": 1.0, ""w_tag"": 0.5}"
genres+tags,1.0,0.5,0.3,centered,0.5,0.02689530685920578,0.07516394739318674,0.057852436321297225,0.07041675220693902,9.629761131159038,554,"{""feature_set"": ""genres+tags"", ""popularity_weight"": 0.5, ""profile_mode"": ""centered"", ""w_decade"": 0.3, ""w_genre"": 1.0, ""w_tag"": 0.5}"
genres+tags,1.0,0.5,0.3,centered,1.0,0.029422382671480146,0.07356438607043911,0.06268154976927862,0.045062615479367685,9.042620620716065,554,"{""feature_set"": ""genres+tags"", ""popularity_weight"": 1.0, ""profile_mode"": ""centered"", ""w_decade"": 0.3, ""w_genre"": 1.0, ""w_tag"": 0.5}"
genres+tags,1.0,0.5,0.3,ones,0.0,0.0010830324909747292,0.0035460533512975084,0.0030574974906350826,0.13149250667214124,18.033351996953858,554,"{""feature_set"": ""genres+tags"", ""popularity_weight"": 0.0, ""profile_mode"": ""ones"", ""w_decade"": 0.3, ""w_genre"": 1.0, ""w_tag"": 0.5}"
genres+tags,1.0,0.5,0.3,ones,0.1,0.003971119133574007,0.009179913771911286,0.008117807462975846,0.06836378567029358,14.58336668632375,554,"{""feature_set"": ""genres+tags"", ""popularity_weight"": 0.1, ""profile_mode"": ""ones"", ""w_decade"": 0.3, ""w_genre"": 1.0, ""w_tag"": 0.5}"
genres+tags,1.0,0.5,0.3,ones,0.25,0.007942238267148015,0.023128971132520992,0.019072375263686974,0.06282077602135085,13.391927774565225,554,"{""feature_set"": ""genres+tags"", ""popularity_weight"": 0.25, ""profile_mode"": ""ones"", ""w_decade"": 0.3, ""w_genre"": 1.0, ""w_tag"": 0.5}"
genres+tags,1.0,0.5,0.3,ones,0.5,0.01407942238267148,0.04984377257656432,0.03372130980999637,0.052042701703962226,11.969945043897335,554,"{""feature_set"": ""genres+tags"", ""popularity_weight"": 0.5, ""profile_mode"": ""ones"", ""w_decade"": 0.3, ""w_genre"": 1.0, ""w_tag"": 0.5}"
genres+tags,1.0,0.5,0.3,ones,1.0,0.017509025270758122,0.060244322688305756,0.044036373849929734,0.042291110654896324,10.748975535725105,554,"{""feature_set"": ""genres+tags"", ""popularity_weight"": 1.0, ""profile_mode"": ""ones"", ""w_decade"": 0.3, ""w_genre"": 1.0, ""w_tag"": 0.5}"
genres+tags,1.0,0.5,0.3,liked,0.0,0.0018050541516245488,0.003371168068108976,0.0028121416312842195,0.16854855265859167,18.33650126056007,554,"{""feature_set"": ""genres+tags"", ""popularity_weight"": 0.0, ""profile_mode"": ""liked"", ""w_decade"": 0.3, ""w_genre"": 1.0, ""w_tag"": 0.5}"
genres+tags,1.0,0.5,0.3,liked,0.1,0.0059566787003610105,0.012312071460274628,0.013321756048017011,0.08581400123177992,13.825793063096048,554,"{""feature_set"": ""genres+tags"", ""popularity_weight"": 0.1, ""profile_mode"": ""liked"", ""w_decade"": 0.3, ""w_genre"": 1.0, ""w_tag"": 0.5}"
genres+tags,1.0,0.5,0.3,liked,0.25,0.01263537906137184,0.040275368692524925,0.030236064099160503,0.0682611373434613,12.24781441851281,554,"{""feature_set"": ""genres+tags"", ""popularity_weight"": 0.25, ""profile_mode"": ""liked"", ""w_decade"": 0.3, ""w_genre"": 1.0, ""w_tag"": 0.5}"
genres+tags,1.0,0.5,0.3,liked,0.5,0.018411552346570395,0.06183502143448814,0.04442370681612565,0.05655922808458222,10.974396052466933,554,"{""feature_set"": ""genres+tags"", ""popularity_weight"": 0.5, ""profile_mode"": ""liked"", ""w_decade"": 0.3, ""w_genre"": 1.0, ""w_tag"": 0.5}"
genres+tags,1.0,0.5,0.3,liked,1.0,0.022021660649819492,0.0678577926197142,0.05288184275744217,0.04218846232806405,9.901445605039807,554,"{""feature_set"": ""genres+tags"", ""popularity_weight"": 1.0, ""profile_mode"": ""liked"", ""w_decade"": 0.3, ""w_genre"": 1.0, ""w_tag"": 0.5}"
genres+tags,1.0,1.0,0.3,centered,0.0,0.0014440433212996391,0.0014616391735368347,0.0014858728363633454,0.3143091767604188,20.502465040773156,554,"{""feature_set"": ""genres+tags"", ""popularity_weight"": 0.0, ""profile_mode"": ""centered"", ""w_decade"": 0.3, ""w_genre"": 1.0, ""w_tag"": 1.0}"
genres+tags,1.0,1.0,0.3,centered,0.1,0.011732851985559567,0.033337094771204105,0.029076735340092846,0.1664955861219462,12.83848816294567,554,"{""feature_set"": ""genres+tags"", ""popularity_weight"": 0.1, ""profile_mode"": ""centered"", ""w_decade"": 0.3, ""w_genre"": 1.0, ""w_tag"": 1.0}"
genres+tags,1.0,1.0,0.3,centered,0.25,0.02148014440433213,0.06529591115987235,0.04963384056906916,0.10603572161773762,10.623600674981045,554,"{""feature_set"": ""genres+tags"", ""popularity_weight"": 0.25, ""profile_mode"": ""centered"", ""w_decade"": 0.3, ""w_genre"": 1.0, ""w_tag"": 1.0}"
genres+tags,1.0,1.0,0.3,centered,0.5,0.02527075812274368,0.07115451669151776,0.05733408088382646,0.0686717306507904,9.65978014510888,554,"{""feature_set"": ""genres+tags"", ""popularity_weight"": 0.5, ""profile_mode"": ""centered"", ""w_decade"": 0.3, ""w_genre"": 1.0, ""w_tag"": 1.0}"
genres+tags,1.0,1.0,0.3,centered,1.0,0.029061371841155238,0.07295875660946295,0.06209719863908069,0.04075138575241224,9.030012990826826,554,"{""feature_set"": ""genres+tags"", ""popularity_weight"": 1.0, ""profile_mode"": ""centered"", ""w_decade"": 0.3, ""w_genre"": 1.0, ""w_tag"": 1.0}"
genres+tags,1.0,1.0,0.3,ones,0.0,0.0014440433212996391,0.0047064453059132896,0.003826535767766939,0.13303223157462532,17.877167759630005,554,"{""feature_set"": ""genres+tags"", ""popularity_weight"": 0.0, ""profile_mode"": ""ones"", ""w_decade"": 0.3, ""w_genre"": 1.0, ""w_tag"": 1.0}"
genres+tags,1.0,1.0,0.3,ones,0.1,0.004151624548736463,0.009483621295835418,0.007654756851192597,0.0667214124409772,14.549919497205916,554,"{""feature_set"": ""genres+tags"", ""popularity_weight"": 0.1, ""profile_mode"": ""ones"", ""w_decade"": 0.3, ""w_genre"": 1.0, ""w_tag"": 1.0}"
genres+tags,1.0,1.0,0.3,ones,0.25,0.006317689530685921,0.018177965459493663,0.015626051249596002,0.0618969410798604,13.439209442849393,554,"{""feature_set"": ""genres+tags"", ""popularity_weight"": 0.25, ""profile_mode"": ""ones"", ""w_decade"": 0.3, ""w_genre"": 1.0, ""w_tag"": 1.0}"
genres+tags,1.0,1.0,0.3,ones,0.5,0.011913357400722021,0.039823573161058036,0.030831676341009348,0.05070827345514268,12.05994941419,554,"{""feature_set"": ""genres+tags"", ""popularity_weight"": 0.5, ""profile_mode"": ""ones"", ""w_decade"": 0.3, ""w_genre"": 1.0, ""w_tag"": 1.0}"
genres+tags,1.0,1.0,0.3,ones,1.0,0.016064981949458483,0.05770865138007128,0.04346429615360737,0.04105933073290905,10.791625774377437,554,"{""feature_set"": ""genres+tags"", ""popularity_weight"": 1.0, ""profile_mode"": ""ones"", ""w_decade"": 0.3, ""w_genre"": 1.0, ""w_tag"": 1.0}"
genres+tags,1.0,1.0,0.3,liked,0.0,0.0018050541516245488,0.004340875730767428,0.0033117777714464667,0.16762471771710122,18.562531996724957,554,"{""feature_set"": ""genres+tags"", ""popularity_weight"": 0.0, ""profile_mode"": ""liked"", ""w_decade"": 0.3, ""w_genre"": 1.0, ""w_tag"": 1.0}"
genres+tags,1.0,1.0,0.3,liked,0.1,0.0057761732851985565,0.013046986364864621,0.01311444458057025,0.0843769246561281,13.82079967168224,554,"{""feature_set"": ""genres+tags"", ""popularity_weight"": 0.1, ""profile_mode"": ""liked"", ""w_decade"": 0.3, ""w_genre"": 1.0, ""w_tag"": 1.0}"
genres+tags,1.0,1.0,0.3,liked,0.25,0.010830324909747294,0.03627201644910048,0.027011680786202395,0.06682406076780949,12.288306665601166,554,"{""feature_set"": ""genres+tags"", ""popularity_weight"": 0.25, ""profile_mode"": ""liked"", ""w_decade"": 0.3, ""w_genre"": 1.0, ""w_tag"": 1.0}"
genres+tags,1.0,1.0,0.3,liked,0.5,0.017148014440433214,0.058962693201149066,0.04315597787653407,0.05419831656743995,10.992779918189377,554,"{""feature_set"": ""genres+tags"", ""popularity_weight"": 0.5, ""profile_mode"": ""liked"", ""w_decade"": 0.3, ""w_genre"": 1.0, ""w_tag"": 1.0}"
genres+tags,1.0,1.0,0.3,liked,1.0,0.020397111913357403,0.0652845702811489,0.05004615588351553,0.039827550810921784,9.90765184684821,554,"{""feature_set"": ""genres+tags"", ""popularity_weight"": 1.0, ""profile_mode"": ""liked"", ""w_decade"": 0.3, ""w_genre"": 1.0, ""w_tag"": 1.0}"
genres+tags+decade,1.0,0.0,0.3,centered,0.0,0.0023465703971119133,0.0026458599563292705,0.0037319413885355196,0.3301170190925888,18.82488233990272,554,"{""feature_set"": ""genres+tags+decade"", ""popularity_weight"": 0.0, ""profile_mode"": ""centered"", ""w_decade"": 0.3, ""w_genre"": 1.0, ""w_tag"": 0.0}"
genres+tags+decade,1.0,0.0,0.3,centered,0.1,0.013176895306859207,0.033189309158449046,0.028846299189067913,0.19790597413262165,12.874407787006374,554,"{""feature_set"": ""genres+tags+decade"", ""popularity_weight"": 0.1, ""profile_mode"": ""centered"", ""w_decade"": 0.3, ""w_genre"": 1.0, ""w_tag"": 0.0}"
genres+tags+decade,1.0,0.0,0.3,centered,0.25,0.021660649819494584,0.06085988140138272,0.04963128451550206,0.12656538698419215,10.884389895310195,554,"{""feature_set"": ""genres+tags+decade"", ""popularity_weight"": 0.25, ""profile_mode"": ""centered"", ""w_decade"": 0.3, ""w_genre"": 1.0, ""w_tag"": 0.0}"
genres+tags+decade,1.0,0.0,0.3,centered,0.5,0.026173285198555957,0.07215017191215559,0.0568676572756789,0.08047628823650174,9.811782554209927,554,"{""feature_set"": ""genres+tags+decade"", ""popularity_weight"": 0.5, ""profile_mode"": ""centered"", ""w_decade"": 0.3, ""w_genre"": 1.0, ""w_tag"": 0.0}"
genres+tags+decade,1.0,0.0,0.3,centered,1.0,0.0315884476534296,0.07652197890439012,0.06533435950103633,0.0487579552453295,9.083247217054266,554,"{""feature_set"": ""genres+tags+decade"", ""popularity_weight"": 1.0, ""profile_mode"": ""centered"", ""w_decade"": 0.3, ""w_genre"": 1.0, ""w_tag"": 0.0}"
genres+tags+decade,1.0,0.0,0.3,ones,0.0,0.0025270758122743686,0.007579317326609745,0.005837355577877684,0.13744610962841305,16.377997623810312,554,"{""feature_set"": ""genres+tags+decade"", ""popularity_weight"": 0.0, ""profile_mode"": ""ones"", ""w_decade"": 0.3, ""w_genre"": 1.0, ""w_tag"": 0.0}"
genres+tags+decade,1.0,0.0,0.3,ones,0.1,0.007581227436823105,0.021615412651893744,0.015938940033030553,0.09720796551016218,13.548001753352876,554,"{""feature_set"": ""genres+tags+decade"", ""popularity_weight"": 0.1, ""profile_mode"": ""ones"", ""w_decade"": 0.3, ""w_genre"": 1.0, ""w_tag"": 0.0}"
genres+tags+decade,1.0,0.0,0.3,ones,0.25,0.010649819494584838,0.034143348013764126,0.027004292234650097,0.08622459453910901,12.429497243483699,554,"{""feature_set"": ""genres+tags+decade"", ""popularity_weight"": 0.25, ""profile_mode"": ""ones"", ""w_decade"": 0.3, ""w_genre"": 1.0, ""w_tag"": 0.0}"
genres+tags+decade,1.0,0.0,0.3,ones,0.5,0.01516245487364621,0.05237940898448213,0.03645322341789123,0.06959556559228085,11.338447259166992,554,"{""feature_set"": ""genres+tags+decade"", ""popularity_weight"": 0.5, ""profile_mode"": ""ones"", ""w_decade"": 0.3, ""w_genre"": 1.0, ""w_tag"": 0.0}"
genres+tags+decade,1.0,0.0,0.3,ones,1.0,0.018772563176895306,0.06455070956305993,0.046327051858679844,0.054506261547936766,10.308882272368752,554,"{""feature_set"": ""genres+tags+decade"", ""popularity_weight"": 1.0, ""profile_mode"": ""ones"", ""w_decade"": 0.3, ""w_genre"": 1.0, ""w_tag"": 0.0}"
genres+tags+decade,1.0,0.0,0.3,liked,0.0,0.004332129963898918,0.009398578124458866,0.007859184749041587,0.1751180455758571,16.31335453438339,554,"{""feature_set"": ""genres+tags+decade"", ""popularity_weight"": 0.0, ""profile_mode"": ""liked"", ""w_decade"": 0.3, ""w_genre"": 1.0, ""w_tag"": 0.0}"
genres+tags+decade,1.0,0.0,0.3,liked,0.1,0.009927797833935019,0.02676034897758446,0.021103456465401092,0.11424758776431944,12.801834062979532,554,"{""feature_set"": ""genres+tags+decade"", ""popularity_weight"": 0.1, ""profile_mode"": ""liked"", ""w_decade"": 0.3, ""w_genre"": 1.0, ""w_tag"": 0.0}"
genres+tags+decade,1.0,0.0,0.3,liked,0.25,0.015523465703971121,0.05258188003377255,0.03723651872851084,0.09053582426606446,11.47172586034868,554,"{""feature_set"": ""genres+tags+decade"", ""popularity_weight"": 0.25, ""profile_mode"": ""liked"", ""w_decade"": 0.3, ""w_genre"": 1.0, ""w_tag"": 0.0}"
genres+tags+decade,1.0,0.0,0.3,liked,0.5,0.019855595667870037,0.0638014933315732,0.04688766177422294,0.0705194005337713,10.42204231748007,554,"{""feature_set"": ""genres+tags+decade"", ""popularity_weight"": 0.5, ""profile_mode"": ""liked"", ""w_decade"": 0.3, ""w_genre"": 1.0, ""w_tag"": 0.0}"
genres+tags+decade,1.0,0.0,0.3,liked,1.0,0.02292418772563177,0.06826437179774074,0.05363732194168931,0.0498870868404845,9.599879278021614,554,"{""feature_set"": ""genres+tags+decade"", ""popularity_weight"": 1.0, ""profile_mode"": ""liked"", ""w_decade"": 0.3, ""w_genre"": 1.0, ""w_tag"": 0.0}"
genres+tags+decade,1.0,0.25,0.3,centered,0.0,0.0010830324909747295,0.001538593776860925,0.0015277103116736958,0.31420652843358654,19.38319566987416,554,"{""feature_set"": ""genres+tags+decade"", ""popularity_weight"": 0.0, ""profile_mode"": ""centered"", ""w_decade"": 0.3, ""w_genre"": 1.0, ""w_tag"": 0.25}"
genres+tags+decade,1.0,0.25,0.3,centered,0.1,0.011913357400722021,0.031091444866186913,0.02722428860612189,0.20355163210839664,13.282849068804305,554,"{""feature_set"": ""genres+tags+decade"", ""popularity_weight"": 0.1, ""profile_mode"": ""centered"", ""w_decade"": 0.3, ""w_genre"": 1.0, ""w_tag"": 0.25}"
genres+tags+decade,1.0,0.25,0.3,centered,0.25,0.021660649819494584,0.06361082227035939,0.04962552885352712,0.12954218846232807,11.068221264844464,554,"{""feature_set"": ""genres+tags+decade"", ""popularity_weight"": 0.25, ""profile_mode"": ""centered"", ""w_decade"": 0.3, ""w_genre"": 1.0, ""w_tag"": 0.25}"
genres+tags+decade,1.0,0.25,0.3,centered,0.5,0.02581227436823105,0.07203651096976275,0.056403987152829,0.08376103469513448,9.91302889210214,554,"{""feature_set"": ""genres+tags+decade"", ""popularity_weight"": 0.5, ""profile_mode"": ""centered"", ""w_decade"": 0.3, ""w_genre"": 1.0, ""w_tag"": 0.25}"
genres+tags+decade,1.0,0.25,0.3,centered,1.0,0.0312274368231047,0.0763550683231976,0.06491562838940043,0.04968179018681995,9.104451663501198,554,"{""feature_set"": ""genres+tags+decade"", ""popularity_weight"": 1.0, ""profile_mode"": ""centered"", ""w_decade"": 0.3, ""w_genre"": 1.0, ""w_tag"": 0.25}"
genres+tags+decade,1.0,0.25,0.3,ones,0.0,0.002707581227436823,0.005906608635160004,0.005442225840020492,0.13180045165263807,16.892167588640262,554,"{""feature_set"": ""genres+tags+decade"", ""popularity_weight"": 0.0, ""profile_mode"": ""ones"", ""w_decade"": 0.3, ""w_genre"": 1.0, ""w_tag"": 0.25}"
genres+tags+decade,1.0,0.25,0.3,ones,0.1,0.0057761732851985565,0.017451395234978743,0.01319606276934416,0.09546294395401354,14.038537715208886,554,"{""feature_set"": ""genres+tags+decade"", ""popularity_weight"": 0.1, ""profile_mode"": ""ones"", ""w_decade"": 0.3, ""w_genre"": 1.0, ""w_tag"": 0.25}"
genres+tags+decade,1.0,0.25,0.3,ones,0.25,0.009025270758122744,0.029545258050863214,0.024835779041156993,0.08642989119277356,12.823602932201021,554,"{""feature_set"": ""genres+tags+decade"", ""popularity_weight"": 0.25, ""profile_mode"": ""ones"", ""w_decade"": 0.3, ""w_genre"": 1.0, ""w_tag"": 0.25}"
genres+tags+decade,1.0,0.25,0.3,ones,0.5,0.014620938628158844,0.05210843494617008,0.03570454901518112,0.07103264216793266,11.599707470266331,554,"{""feature_set"": ""genres+tags+decade"", ""popularity_weight"": 0.5, ""profile_mode"": ""ones"", ""w_decade"": 0.3, ""w_genre"": 1.0, ""w_tag"": 0.25}"
genres+tags+decade,1.0,0.25,0.3,ones,1.0,0.018050541516245487,0.06335266604599685,0.04609882218260395,0.05501950318209813,10.455109662662034,554,"{""feature_set"": ""genres+tags+decade"", ""popularity_weight"": 1.0, ""profile_mode"": ""ones"", ""w_decade"": 0.3, ""w_genre"": 1.0, ""w_tag"": 0.25}"
genres+tags+decade,1.0,0.25,0.3,liked,0.0,0.003429602888086643,0.007920943209751874,0.006343823841339494,0.16967768425374666,16.962631813586775,554,"{""feature_set"": ""genres+tags+decade"", ""popularity_weight"": 0.0, ""profile_mode"": ""liked"", ""w_decade"": 0.3, ""w_genre"": 1.0, ""w_tag"": 0.25}"
genres+tags+decade,1.0,0.25,0.3,liked,0.1,0.008303249097472924,0.0232523993196253,0.018249417312257425,0.11465818107164853,13.275312024302522,554,"{""feature_set"": ""genres+tags+decade"", ""popularity_weight"": 0.1, ""profile_mode"": ""liked"", ""w_decade"": 0.3, ""w_genre"": 1.0, ""w_tag"": 0.25}"
genres+tags+decade,1.0,0.25,0.3,liked,0.25,0.014620938628158848,0.05321778591858591,0.03668006504609822,0.09197290084171628,11.807624926581484,554,"{""feature_set"": ""genres+tags+decade"", ""popularity_weight"": 0.25, ""profile_mode"": ""liked"", ""w_decade"": 0.3, ""w_genre"": 1.0, ""w_tag"": 0.25}"
genres+tags+decade,1.0,0.25,0.3,liked,0.5,0.019133574007220218,0.0646855550127088,0.046886831242924615,0.07195647710942311,10.6184527150184,554,"{""feature_set"": ""genres+tags+decade"", ""popularity_weight"": 0.5, ""profile_mode"": ""liked"", ""w_decade"": 0.3, ""w_genre"": 1.0, ""w_tag"": 0.25}"
genres+tags+decade,1.0,0.25,0.3,liked,1.0,0.022563176895306864,0.06900055846875545,0.05372830759775978,0.050605625128310405,9.700282132955833,554,"{""feature_set"": ""genres+tags+decade"", ""popularity_weight"": 1.0, ""profile_mode"": ""liked"", ""w_decade"": 0.3, ""w_genre"": 1.0, ""w_tag"": 0.25}"
genres+tags+decade,1.0,0.5,0.3,centered,0.0,0.0019855595667870036,0.0020473567099708536,0.0026085460848198822,0.3090741120919729,19.921280736730733,554,"{""feature_set"": ""genres+tags+decade"", ""popularity_weight"": 0.0, ""profile_mode"": ""centered"", ""w_decade"": 0.3, ""w_genre"": 1.0, ""w_tag"": 0.5}"
genres+tags+decade,1.0,0.5,0.3,centered,0.1,0.010469314079422384,0.02846933596355136,0.025512269063018532,0.206323136932868,13.81927290995011,554,"{""feature_set"": ""genres+tags+decade"", ""popularity_weight"": 0.1, ""profile_mode"": ""centered"", ""w_decade"": 0.3, ""w_genre"": 1.0, ""w_tag"": 0.5}"
genres+tags+decade,1.0,0.5,0.3,centered,0.25,0.020938628158844768,0.06595244374555488,0.04931885019349497,0.13251898994046396,11.309230071854996,554,"{""feature_set"": ""genres+tags+decade"", ""popularity_weight"": 0.25, ""profile_mode"": ""centered"", ""w_decade"": 0.3, ""w_genre"": 1.0, ""w_tag"": 0.5}"
genres+tags+decade,1.0,0.5,0.3,centered,0.5,0.026173285198555957,0.07380494263284773,0.057053841225388605,0.08406897967563129,9.995239843641768,554,"{""feature_set"": ""genres+tags+decade"", ""popularity_weight"": 0.5, ""profile_mode"": ""centered"", ""w_decade"": 0.3, ""w_genre"": 1.0, ""w_tag"": 0.5}"
genres+tags+decade,1.0,0.5,0.3,centered,1.0,0.02996389891696751,0.07302636117144472,0.06315818343600539,0.050605625128310405,9.169983411786884,554,"{""feature_set"": ""genres+tags+decade"", ""popularity_weight"": 1.0, ""profile_mode"": ""centered"", ""w_decade"": 0.3, ""w_genre"": 1.0, ""w_tag"": 0.5}"
genres+tags+decade,1.0,0.5,0.3,ones,0.0,0.0014440433212996391,0.0045899948427024235,0.003728188233301739,0.1328269349209608,16.93374295809452,554,"{""feature_set"": ""genres+tags+decade"", ""popularity_weight"": 0.0, ""profile_mode"": ""ones"", ""w_decade"": 0.3, ""w_genre"": 1.0, ""w_tag"": 0.5}"
genres+tags+decade,1.0,0.5,0.3,ones,0.1,0.004151624548736463,0.012313198761042197,0.010315796897348534,0.09320468076370356,14.328305732174952,554,"{""feature_set"": ""genres+tags+decade"", ""popularity_weight"": 0.1, ""profile_mode"": ""ones"", ""w_decade"": 0.3, ""w_genre"": 1.0, ""w_tag"": 0.5}"
genres+tags+decade,1.0,0.5,0.3,ones,0.25,0.009386281588447653,0.03180993247257735,0.023866687478242197,0.08509546294395401,13.137680668954593,554,"{""feature_set"": ""genres+tags+decade"", ""popularity_weight"": 0.25, ""profile_mode"": ""ones"", ""w_decade"": 0.3, ""w_genre"": 1.0, ""w_tag"": 0.5}"
genres+tags+decade,1.0,0.5,0.3,ones,0.5,0.014079422382671479,0.051590317550796363,0.03555815020145366,0.07134058714842947,11.88882325048698,554,"{""feature_set"": ""genres+tags+decade"", ""popularity_weight"": 0.5, ""profile_mode"": ""ones"", ""w_decade"": 0.3, ""w_genre"": 1.0, ""w_tag"": 0.5}"
genres+tags+decade,1.0,0.5,0.3,ones,1.0,0.017509025270758125,0.06359822540707967,0.045238259425297994,0.05553274481625949,10.651899017356204,554,"{""feature_set"": ""genres+tags+decade"", ""popularity_weight"": 1.0, ""profile_mode"": ""ones"", ""w_decade"": 0.3, ""w_genre"": 1.0, ""w_tag"": 0.5}"
genres+tags+decade,1.0,0.5,0.3,liked,0.0,0.003068592057761733,0.007024623992133018,0.005195235212327354,0.16752206939026895,17.29140016335025,554,"{""feature_set"": ""genres+tags+decade"", ""popularity_weight"": 0.0, ""profile_mode"": ""liked"", ""w_decade"": 0.3, ""w_genre"": 1.0, ""w_tag"": 0.5}"
genres+tags+decade,1.0,0.5,0.3,liked,0.1,0.006859205776173286,0.02048160079070403,0.0157477677450574,0.11127078628618353,13.634428115938139,554,"{""feature_set"": ""genres+tags+decade"", ""popularity_weight"": 0.1, ""profile_mode"": ""liked"", ""w_decade"": 0.3, ""w_genre"": 1.0, ""w_tag"": 0.5}"
genres+tags+decade,1.0,0.5,0.3,liked,0.25,0.012815884476534298,0.04618428258544358,0.03314155975551952,0.09063847259289673,12.11771225623496,554,"{""feature_set"": ""genres+tags+decade"", ""popularity_weight"": 0.25, ""profile_mode"": ""liked"", ""w_decade"": 0.3, ""w_genre"": 1.0, ""w_tag"": 0.5}"
genres+tags+decade,1.0,0.5,0.3,liked,0.5,0.018592057761732853,0.06509575118102769,0.04645304067430839,0.07144323547526175,10.838732025429046,554,"{""feature_set"": ""genres+tags+decade"", ""popularity_weight"": 0.5, ""profile_mode"": ""liked"", ""w_decade"": 0.3, ""w_genre"": 1.0, ""w_tag"": 0.5}"
genres+tags+decade,1.0,0.5,0.3,liked,1.0,0.020938628158844768,0.06835058900265253,0.052129989627654416,0.05296653664545268,9.849070423385594,554,"{""feature_set"": ""genres+tags+decade"", ""popularity_weight"": 1.0, ""profile_mode"": ""liked"", ""w_decade"": 0.3, ""w_genre"": 1.0, ""w_tag"": 0.5}"
genres+tags+decade,1.0,1.0,0.3,centered,0.0,0.001624548736462094,0.001466909544526873,0.001866423986361061,0.3121535618969411,19.75730086676522,554,"{""feature_set"": ""genres+tags+decade"", ""popularity_weight"": 0.0, ""profile_mode"": ""centered"", ""w_decade"": 0.3, ""w_genre"": 1.0, ""w_tag"": 1.0}"
genres+tags+decade,1.0,1.0,0.3,centered,0.1,0.011552346570397113,0.035720965966827146,0.028676414392596064,0.20878669677684253,13.953507777628895,554,"{""feature_set"": ""genres+tags+decade"", ""popularity_weight"": 0.1, ""profile_mode"": ""centered"", ""w_decade"": 0.3, ""w_genre"": 1.0, ""w_tag"": 1.0}"
genres+tags+decade,1.0,1.0,0.3,centered,0.25,0.02075812274368231,0.06637471855198766,0.04868865231263417,0.1342640114966126,11.394796041564081,554,"{""feature_set"": ""genres+tags+decade"", ""popularity_weight"": 0.25, ""profile_mode"": ""centered"", ""w_decade"": 0.3, ""w_genre"": 1.0, ""w_tag"": 1.0}"
genres+tags+decade,1.0,1.0,0.3,centered,0.5,0.024187725631768957,0.07060251833172944,0.05604903175618807,0.08170806815848902,10.029741350507754,554,"{""feature_set"": ""genres+tags+decade"", ""popularity_weight"": 0.5, ""profile_mode"": ""centered"", ""w_decade"": 0.3, ""w_genre"": 1.0, ""w_tag"": 1.0}"
genres+tags+decade,1.0,1.0,0.3,centered,1.0,0.03014440433212997,0.07498102414129505,0.06301186902979558,0.04721823034284541,9.16125334194605,554,"{""feature_set"": ""genres+tags+decade"", ""popularity_weight"": 1.0, ""profile_mode"": ""centered"", ""w_decade"": 0.3, ""w_genre"": 1.0, ""w_tag"": 1.0}"
genres+tags+decade,1.0,1.0,0.3,ones,0.0,0.001624548736462094,0.004484700017190991,0.0037208024296515757,0.13262163826729625,16.937958230516248,554,"{""feature_set"": ""genres+tags+decade"", ""popularity_weight"": 0.0, ""profile_mode"": ""ones"", ""w_decade"": 0.3, ""w_genre"": 1.0, ""w_tag"": 1.0}"
genres+tags+decade,1.0,1.0,0.3,ones,0.1,0.0036101083032490976,0.010207302250813555,0.009092398904857298,0.09125436255389037,14.285254018948322,554,"{""feature_set"": ""genres+tags+decade"", ""popularity_weight"": 0.1, ""profile_mode"": ""ones"", ""w_decade"": 0.3, ""w_genre"": 1.0, ""w_tag"": 1.0}"
genres+tags+decade,1.0,1.0,0.3,ones,0.25,0.007220216606498195,0.024783114525181785,0.019469385132851333,0.08386368302196674,13.271574719145013,554,"{""feature_set"": ""genres+tags+decade"", ""popularity_weight"": 0.25, ""profile_mode"": ""ones"", ""w_decade"": 0.3, ""w_genre"": 1.0, ""w_tag"": 1.0}"
genres+tags+decade,1.0,1.0,0.3,ones,0.5,0.012454873646209386,0.04499972102337673,0.03331696023412209,0.07000615889960994,11.99089348957236,554,"{""feature_set"": ""genres+tags+decade"", ""popularity_weight"": 0.5, ""profile_mode"": ""ones"", ""w_decade"": 0.3, ""w_genre"": 1.0, ""w_tag"": 1.0}"
genres+tags+decade,1.0,1.0,0.3,ones,1.0,0.016245487364620937,0.061535306376651625,0.044491849266117024,0.05409566824060768,10.683655625833008,554,"{""feature_set"": ""genres+tags+decade"", ""popularity_weight"": 1.0, ""profile_mode"": ""ones"", ""w_decade"": 0.3, ""w_genre"": 1.0, ""w_tag"": 1.0}"
genres+tags+decade,1.0,1.0,0.3,liked,0.0,0.002707581227436823,0.006637826673927756,0.005034012845776774,0.17193594744405666,17.202378482417984,554,"{""feature_set"": ""genres+tags+decade"", ""popularity_weight"": 0.0, ""profile_mode"": ""liked"", ""w_decade"": 0.3, ""w_genre"": 1.0, ""w_tag"": 1.0}"
genres+tags+decade,1.0,1.0,0.3,liked,0.1,0.006678700361010831,0.02147438057409753,0.016316271624189266,0.11250256620817081,13.696874052187434,554,"{""feature_set"": ""genres+tags+decade"", ""popularity_weight"": 0.1, ""profile_mode"": ""liked"", ""w_decade"": 0.3, ""w_genre"": 1.0, ""w_tag"": 1.0}"
genres+tags+decade,1.0,1.0,0.3,liked,0.25,0.011913357400722023,0.04323453978913039,0.03028269304077199,0.08971463765140628,12.185924897968322,554,"{""feature_set"": ""genres+tags+decade"", ""popularity_weight"": 0.25, ""profile_mode"": ""liked"", ""w_decade"": 0.3, ""w_genre"": 1.0, ""w_tag"": 1.0}"
genres+tags+decade,1.0,1.0,0.3,liked,0.5,0.017509025270758122,0.06257655457338344,0.0441776137356165,0.07031410388010675,10.906282645165149,554,"{""feature_set"": ""genres+tags+decade"", ""popularity_weight"": 0.5, ""profile_mode"": ""liked"", ""w_decade"": 0.3, ""w_genre"": 1.0, ""w_tag"": 1.0}"
genres+tags+decade,1.0,1.0,0.3,liked,1.0,0.01967509025270758,0.0664939618752673,0.050627069286475895,0.05029768014781359,9.878611721552916,554,"{""feature_set"": ""genres+tags+decade"", ""popularity_weight"": 1.0, ""profile_mode"": ""liked"", ""w_decade"": 0.3, ""w_genre"": 1.0, ""w_tag"": 1.0}"
