w_mf,w_iknn,w_content,w_pop,ndcg@10,recall@10,coverage,novelty
0.0,0.0,0.0,1.0,0.0637801287698499,0.07676678995038036,0.00893040443440772,8.486599995314792
0.0,0.0,0.1,0.9,0.06417406748279059,0.07711412612804144,0.009033052761239991,8.486863707365845
0.0,0.0,0.2,0.8,0.06472667045646012,0.07730714266688513,0.009033052761239991,8.48813477249647
0.0,0.0,0.30000000000000004,0.7000000000000001,0.06559455134478047,0.07843426447948727,0.00934099774173681,8.490887776891237
0.0,0.0,0.4,0.6000000000000001,0.06528081844319068,0.07774730874466686,0.00934099774173681,8.49502653824215
0.0,0.0,0.5,0.5,0.06551998492066616,0.07607905557343382,0.009854239375898173,8.502548244398039
0.0,0.0,0.6000000000000001,0.4,0.06653920745007115,0.07580721411992926,0.011086019297885445,8.51419380871928
0.0,0.0,0.7000000000000001,0.30000000000000004,0.06853557315445997,0.07912485567228683,0.01324163416136317,8.538066702828393
0.0,0.0,0.8,0.2,0.06861319301007514,0.08078266401409297,0.01940053377129953,8.616867768523026
0.0,0.0,0.9,0.1,0.06725126085531624,0.07900056397413534,0.030178608088688153,8.767356809054673
0.0,0.0,1.0,0.0,0.06533435950103633,0.07652197890439012,0.0487579552453295,9.083247217054266
0.0,0.1,0.0,0.9,0.06926909631591005,0.08230296753936678,0.009648942722233628,8.502126534406719
0.0,0.1,0.1,0.8,0.06972077144278066,0.08198361180484859,0.009751591049065901,8.504008550902675
0.0,0.1,0.2,0.7000000000000001,0.0712654603420124,0.08346163261606115,0.009751591049065901,8.507675495227764
0.0,0.1,0.30000000000000004,0.6000000000000001,0.07035972571601613,0.08296836888652535,0.010059536029562718,8.513821455378627
0.0,0.1,0.4,0.5,0.07187277003527859,0.08453875084067751,0.010675425990556354,8.522185471516353
0.0,0.1,0.5,0.4,0.07387383500526552,0.08563463499656872,0.012523095873537261,8.53656414247997
0.0,0.1,0.6000000000000001,0.30000000000000004,0.07489155094383827,0.08652115825716351,0.01560254567850544,8.569067836119642
0.0,0.1,0.7000000000000001,0.2,0.07734637935713229,0.08745702225711532,0.021966741942106342,8.640218333406455
0.0,0.1,0.8,0.1,0.07781553732264399,0.08845273784848913,0.0315130363375077,8.786854121855077
0.0,0.1,0.9,0.0,0.078419480509399,0.09038487163285218,0.04824471361116814,9.042927022669623
0.0,0.2,0.0,0.8,0.07061764668963454,0.08428785572505625,0.012009854239375898,8.54674827709966
0.0,0.2,0.1,0.7000000000000001,0.07111928563251162,0.08489900252682626,0.012523095873537261,8.556171501141185
0.0,0.2,0.2,0.6000000000000001,0.07275812649506383,0.08680441726014736,0.013036337507698625,8.569463524765155
0.0,0.2,0.30000000000000004,0.5,0.07463632420110299,0.09047473120699007,0.01478135906384726,8.588384359086396
0.0,0.2,0.4,0.4,0.07539909915950027,0.09025943554606057,0.016629028946828165,8.614434537407167
0.0,0.2,0.5,0.30000000000000004,0.07838835885145302,0.09365634018480554,0.019195237117634982,8.657951685784694
0.0,0.2,0.6000000000000001,0.2,0.07916354211834636,0.09311556519826042,0.025970026688564976,8.733547318343263
0.0,0.2,0.7000000000000001,0.1,0.07954804449294046,0.09373693117062898,0.0360295627181277,8.875880142690475
0.0,0.2,0.8,0.0,0.07798827736084277,0.09460902339657827,0.052555943338123585,9.112410107248452
0.0,0.30000000000000004,0.0,0.7000000000000001,0.07165412544220945,0.08548270789774728,0.017655512215150892,8.643852458058687
0.0,0.30000000000000004,0.1,0.6000000000000001,0.07304334160694818,0.08723445815129603,0.01898994046397044,8.669984993288345
0.0,0.30000000000000004,0.2,0.5,0.07390862029275812,0.08668211939498617,0.020427017039622256,8.69468288078269
0.0,0.30000000000000004,0.30000000000000004,0.4,0.07589429099671992,0.08973633449949381,0.023609115171422706,8.737651382580262
0.0,0.30000000000000004,0.4,0.30000000000000004,0.07926332407585578,0.09268597837340366,0.02689386163005543,8.793199797305284
0.0,0.30000000000000004,0.5,0.2,0.0811643766918724,0.09457040311432659,0.033668651200985424,8.891600778299614
0.0,0.30000000000000004,0.6000000000000001,0.1,0.08291033475791797,0.097062984259251,0.04270170396222542,9.02037983385856
0.0,0.30000000000000004,0.7000000000000001,0.0,0.08297995554227995,0.09647802085321984,0.05543009648942722,9.228426510106265
0.0,0.4,0.0,0.6000000000000001,0.07452295425625616,0.0870987084216835,0.027509751591049066,8.801409613349033
0.0,0.4,0.1,0.5,0.07765226297088143,0.09116220057717445,0.029870663108191337,8.842411607701163
0.0,0.4,0.2,0.4,0.07966187212110781,0.09124419204205814,0.033976596181482244,8.901103998467484
0.0,0.4,0.30000000000000004,0.30000000000000004,0.08152293198310485,0.09317185881867038,0.03777458427427633,8.975147160761441
0.0,0.4,0.4,0.2,0.08237095256889712,0.09345994905731783,0.04485731882570314,9.080743753029827
0.0,0.4,0.5,0.1,0.08385689334336403,0.09253475920285141,0.05224799835762677,9.207188240385568
0.0,0.4,0.6000000000000001,0.0,0.08269269018751596,0.09115645485868257,0.06394990761650585,9.376628866413094
0.0,0.5,0.0,0.5,0.0759870718045344,0.08661059578771325,0.041777869020734965,9.020923526125408
0.0,0.5,0.1,0.4,0.07753827936228058,0.08696015881326906,0.04598645042085814,9.090763765677863
0.0,0.5,0.2,0.30000000000000004,0.07956169729007051,0.08646316026372212,0.049579141859987685,9.168849397051876
0.0,0.5,0.30000000000000004,0.2,0.07939802151810901,0.08718994851758617,0.0544036132211045,9.264673458259134
0.0,0.5,0.4,0.1,0.08063237037099803,0.08780224851236765,0.060665161157873126,9.384988412559526
0.0,0.5,0.5,0.0,0.08187540461935519,0.08943907461615605,0.06815848901662903,9.515179378848035
0.0,0.6000000000000001,0.0,0.4,0.0778934434724812,0.08565526555692099,0.054300964894272226,9.253012157594409
0.0,0.6000000000000001,0.1,0.30000000000000004,0.07975975521039222,0.08838996801760013,0.05809895298706631,9.329579101678936
0.0,0.6000000000000001,0.2,0.2,0.07904867193754639,0.08686063737168423,0.06138369944569903,9.41719492536883
0.0,0.6000000000000001,0.30000000000000004,0.1,0.08068123190835337,0.08861749877185124,0.06723465407513858,9.514245095820405
0.0,0.6000000000000001,0.4,0.0,0.07993782663400047,0.08749424280263092,0.07175118045575857,9.607368495896939
0.0,0.7000000000000001,0.0,0.30000000000000004,0.07851041936994826,0.0875546711098521,0.0637446109628413,9.452719600230143
0.0,0.7000000000000001,0.1,0.2,0.07853575968758632,0.08696689112676526,0.0675425990556354,9.526615809284905
0.0,0.7000000000000001,0.2,0.1,0.07915486917231151,0.08688641641578115,0.07154588380209402,9.607167757239079
0.0,0.7000000000000001,0.30000000000000004,0.0,0.07720508870255607,0.08559349146110769,0.07760213508519812,9.699209969570681
0.0,0.8,0.0,0.2,0.07651160320252363,0.08542440691517597,0.07226442208991993,9.619610982637964
0.0,0.8,0.1,0.1,0.07763390995132391,0.08487543046079193,0.07524122356805583,9.693773114368913
0.0,0.8,0.2,0.0,0.07562001483845916,0.08434030624888675,0.07986039827550812,9.770960653806942
0.0,0.9,0.0,0.1,0.07579566095706686,0.08368622683296145,0.07862861835352083,9.761403808053656
0.0,0.9,0.1,0.0,0.07479992862687186,0.083127281171984,0.0821186614658181,9.818289619603986
0.0,1.0,0.0,0.0,0.07492632060920144,0.08228977955937089,0.08396633134879901,9.865665677687767
0.1,0.0,0.0,0.9,0.0646078961090179,0.07829542344156998,0.00893040443440772,8.48729686105338
0.1,0.0,0.1,0.8,0.06516062987745663,0.07873121856670577,0.008827756107575446,8.487801484080439
0.1,0.0,0.2,0.7000000000000001,0.0664839588869195,0.07943024357290854,0.009033052761239991,8.4897986636458
0.1,0.0,0.30000000000000004,0.6000000000000001,0.0667690876507499,0.0800066600921936,0.00934099774173681,8.493502267024942
0.1,0.0,0.4,0.5,0.06661080182575188,0.07836673639044668,0.009546294395401354,8.499554159022757
0.1,0.0,0.5,0.4,0.06754625402381426,0.07828690016866964,0.010572777663724081,8.510161393256071
0.1,0.0,0.6000000000000001,0.30000000000000004,0.06783205679326312,0.07732244562485169,0.012625744200369535,8.530553651917838
0.1,0.0,0.7000000000000001,0.2,0.0690278638937229,0.0809151688636837,0.017655512215150892,8.59559435077442
0.1,0.0,0.8,0.1,0.06684442798938235,0.07955942587633753,0.02730445493738452,8.743473069602794
0.1,0.0,0.9,0.0,0.06407146760954052,0.07583890780157929,0.04331759392321905,8.997258833491564
0.1,0.1,0.0,0.8,0.0683579923421112,0.08110483708174877,0.009546294395401354,8.505716181893682
0.1,0.1,0.1,0.7000000000000001,0.07004399189981463,0.08270603153872892,0.009648942722233628,8.508710052270446
0.1,0.1,0.2,0.6000000000000001,0.07114582747838476,0.08467527450418855,0.009956887702730446,8.513936811559747
0.1,0.1,0.30000000000000004,0.5,0.07258647697126637,0.08510622465873718,0.010675425990556354,8.522228239581636
0.1,0.1,0.4,0.4,0.07362273764812793,0.08413962691140076,0.012728392527201806,8.53767419158184
0.1,0.1,0.5,0.30000000000000004,0.07448720954518051,0.08364235564013506,0.014473414083350442,8.565339972519883
0.1,0.1,0.6000000000000001,0.2,0.07762952120587115,0.0870949873150756,0.019913775405460892,8.630864073505494
0.1,0.1,0.7000000000000001,0.1,0.0769461323342907,0.08861196451962719,0.029460069800862246,8.750419394209965
0.1,0.1,0.8,0.0,0.07796275916505489,0.09063175247659461,0.04485731882570314,9.010742235730895
0.1,0.2,0.0,0.7000000000000001,0.07118747637881957,0.08603066085118513,0.012933689180866351,8.562241049907948
0.1,0.2,0.1,0.6000000000000001,0.07235133717120969,0.08615823144679784,0.013446930815027715,8.575264363142052
0.1,0.2,0.2,0.5,0.07247098934842743,0.08554762809959608,0.014576062410182713,8.596191379796478
0.1,0.2,0.30000000000000004,0.4,0.0749585603908566,0.08898379653343073,0.016936973927324985,8.621596132479356
0.1,0.2,0.4,0.30000000000000004,0.0776700945913334,0.09149314529966723,0.019297885444467255,8.666592294625309
0.1,0.2,0.5,0.2,0.07849888471376712,0.09265940132987478,0.024738246766577706,8.740794782045667
0.1,0.2,0.6000000000000001,0.1,0.08025040508039788,0.09419063034511477,0.03541367275713406,8.876712594858251
0.1,0.2,0.7000000000000001,0.0,0.07998486012218883,0.0971245188513414,0.049579141859987685,9.085484736505194
0.1,0.30000000000000004,0.0,0.6000000000000001,0.07225063210151676,0.08596095728393235,0.020119072059125435,8.684812362187543
0.1,0.30000000000000004,0.1,0.5,0.07379894462761312,0.08732712133491825,0.021556148634777252,8.71444072497758
0.1,0.30000000000000004,0.2,0.4,0.07732641776708585,0.09063866454290836,0.024840895093409976,8.758987757051266
0.1,0.30000000000000004,0.30000000000000004,0.30000000000000004,0.0793902967023097,0.09209398002282522,0.02843358653253952,8.819035316326948
0.1,0.30000000000000004,0.4,0.2,0.08145633849453432,0.09386566848830802,0.03520837610346951,8.908628627522884
0.1,0.30000000000000004,0.5,0.1,0.0838708928032206,0.09757252953413922,0.0423937589817286,9.0462438667505
0.1,0.30000000000000004,0.6000000000000001,0.0,0.0834485422670122,0.09540440659824549,0.055635393143091766,9.234895503681901
0.1,0.4,0.0,0.5,0.07713952182576177,0.0908915578273426,0.0326421679326627,8.87724030476545
0.1,0.4,0.1,0.4,0.0792671697076249,0.09068577856170096,0.036440156025456784,8.940193599962864
0.1,0.4,0.2,0.30000000000000004,0.08016030146827069,0.0890020427649065,0.04085403407924451,9.018383534737909
0.1,0.4,0.30000000000000004,0.2,0.08083653534879576,0.09144323972053206,0.04598645042085814,9.117541171055965
0.1,0.4,0.4,0.1,0.08377969299970071,0.09360663797270428,0.05389037158694313,9.250902324889026
0.1,0.4,0.5,0.0,0.08206718389498804,0.09163766456745359,0.06271812769451858,9.397677147550008
0.1,0.5,0.0,0.4,0.07783391790492113,0.08675022494969721,0.047012933689180865,9.132062202085569
0.1,0.5,0.1,0.30000000000000004,0.07930580459203106,0.08790929512927093,0.0510162184356395,9.216905244523325
0.1,0.5,0.2,0.2,0.08046719592769407,0.0892527090013167,0.055635393143091766,9.308170538567603
0.1,0.5,0.30000000000000004,0.1,0.08161518657366133,0.0894267444524991,0.06220488606035721,9.425989681005992
0.1,0.5,0.4,0.0,0.08210367471020955,0.09084007379718267,0.0686717306507904,9.543326744642513
0.1,0.6000000000000001,0.0,0.30000000000000004,0.07948569773169481,0.08760938174659111,0.06004927119687949,9.372301233629473
0.1,0.6000000000000001,0.1,0.2,0.08050795349424521,0.08923079661307114,0.06333401765551222,9.454658519071504
0.1,0.6000000000000001,0.2,0.1,0.0808327213116428,0.08985563555975186,0.06795319236296449,9.544005488144316
0.1,0.6000000000000001,0.30000000000000004,0.0,0.07955715127842329,0.0895214453744619,0.07329090535824266,9.645194031888549
0.1,0.7000000000000001,0.0,0.2,0.07762594327028118,0.08631200708075447,0.06959556559228085,9.568570668257577
0.1,0.7000000000000001,0.1,0.1,0.0789307470941262,0.0865495315565632,0.0731882570314104,9.647265314032255
0.1,0.7000000000000001,0.2,0.0,0.07615560265391652,0.0845162444001061,0.07801272839252721,9.734779178473994
0.1,0.8,0.0,0.1,0.0764909944607594,0.08410008647360435,0.07698624512420447,9.73031189195662
0.1,0.8,0.1,0.0,0.07468749359982203,0.08277969930106617,0.08057893656333402,9.79902386037961
0.1,0.9,0.0,0.0,0.07460656274544329,0.08250342630066346,0.08242660644631493,9.848783775853022
0.2,0.0,0.0,0.8,0.06526749475042691,0.07831056704541149,0.00893040443440772,8.488904109629706
0.2,0.0,0.1,0.7000000000000001,0.06632930965836957,0.07956001163906817,0.008725107780743174,8.490279305548388
0.2,0.0,0.2,0.6000000000000001,0.0666153053500242,0.07943028779850385,0.008725107780743174,8.493592461088047
0.2,0.0,0.30000000000000004,0.5,0.06615621317642621,0.07761240648449222,0.009238349414904538,8.498748288932681
0.2,0.0,0.4,0.4,0.06783569142015129,0.07871023092655821,0.010162184356394991,8.508809223618494
0.2,0.0,0.5,0.30000000000000004,0.06915674453409348,0.07809708993953315,0.012317799219872716,8.528519049694903
0.2,0.0,0.6000000000000001,0.2,0.06962351688753282,0.08030573057591232,0.016629028946828165,8.580923474839768
0.2,0.0,0.7000000000000001,0.1,0.06668723173193035,0.07905943180126047,0.026380619995894066,8.712934996661666
0.2,0.0,0.8,0.0,0.06314556485277847,0.07549797083841464,0.03941695750359269,8.96017179776807
0.2,0.1,0.0,0.7000000000000001,0.06865531022833031,0.0798085130755098,0.009648942722233628,8.511774689651219
0.2,0.1,0.1,0.6000000000000001,0.06957065167360567,0.08133519286566851,0.009956887702730446,8.517425582853893
0.2,0.1,0.2,0.5,0.07177394109364992,0.08465627167749384,0.010778074317388626,8.526214021572947
0.2,0.1,0.30000000000000004,0.4,0.07216630998862301,0.08256601406803911,0.01129131595154999,8.540586502047953
0.2,0.1,0.4,0.30000000000000004,0.07404177692585784,0.08596507278428162,0.013960172449189078,8.56825379057549
0.2,0.1,0.5,0.2,0.07696487288674458,0.08655097898109088,0.018887292137138165,8.625777583535807
0.2,0.1,0.6000000000000001,0.1,0.07922303855847167,0.09116427807820382,0.027509751591049066,8.746221130954629
0.2,0.1,0.7000000000000001,0.0,0.07583651441442657,0.0875899251685746,0.041469924040238144,8.963468184886807
0.2,0.2,0.0,0.6000000000000001,0.07182585590683174,0.08521036780313859,0.014062820776021352,8.588453317878791
0.2,0.2,0.1,0.5,0.07284234395947398,0.08675448215173051,0.014884007390679532,8.608735648786253
0.2,0.2,0.2,0.4,0.07318653112886458,0.086334908021269,0.01745021556148635,8.637041550686009
0.2,0.2,0.30000000000000004,0.30000000000000004,0.07750003142068505,0.0933980464472233,0.020324368712789982,8.682977362609808
0.2,0.2,0.4,0.2,0.07971793547255648,0.0943829535498169,0.025764730034900433,8.759526178340273
0.2,0.2,0.5,0.1,0.0808410488170416,0.0951739723685005,0.034797782796140424,8.890394493704871
0.2,0.2,0.6000000000000001,0.0,0.08069277169969047,0.09778645945665504,0.045678505440361325,9.079225088063211
0.2,0.30000000000000004,0.0,0.5,0.07368215763239228,0.0866723208606232,0.02453295011291316,8.7432346844548
0.2,0.30000000000000004,0.1,0.4,0.07623426599186073,0.08913172211772208,0.02648326832272634,8.788688241904534
0.2,0.30000000000000004,0.2,0.30000000000000004,0.07851742932639072,0.08955062898475301,0.030589201396017243,8.850885451422942
0.2,0.30000000000000004,0.30000000000000004,0.2,0.08066420084802603,0.09061855508810243,0.036440156025456784,8.946713464992001
0.2,0.30000000000000004,0.4,0.1,0.08576810768897979,0.09630357955095255,0.043728187230548145,9.079922494279296
0.2,0.30000000000000004,0.5,0.0,0.08401019885431472,0.0946543577435035,0.05419831656743995,9.253677227936894
0.2,0.4,0.0,0.4,0.0769528824907074,0.08915102397975382,0.03859577088893451,8.985936464115168
0.2,0.4,0.1,0.30000000000000004,0.08008502918403515,0.09163425660300917,0.04290700061588996,9.072400913086648
0.2,0.4,0.2,0.2,0.08236051937418866,0.09398254551955727,0.047628823650174505,9.169467817756056
0.2,0.4,0.30000000000000004,0.1,0.08140478650780471,0.08834163925933962,0.05491685485526586,9.298703360273716
0.2,0.4,0.4,0.0,0.08098252866391645,0.08974450198216048,0.06405255594333813,9.439291322051234
0.2,0.5,0.0,0.30000000000000004,0.0773125445276277,0.08491707996899443,0.053993019913775406,9.270345781075223
0.2,0.5,0.1,0.2,0.08012314415374575,0.08773828281324078,0.05779100800656949,9.359577914250938
0.2,0.5,0.2,0.1,0.08145305608094026,0.089603850299719,0.06271812769451858,9.459465921541796
0.2,0.5,0.30000000000000004,0.0,0.08090387136066977,0.0894927889395012,0.0705194005337713,9.585786726164477
0.2,0.6000000000000001,0.0,0.2,0.08014699625651373,0.09050392968694193,0.06518168753849313,9.501082824707781
0.2,0.6000000000000001,0.1,0.1,0.07967940520903768,0.08744036682416048,0.07000615889960994,9.594589711871654
0.2,0.6000000000000001,0.2,0.0,0.07907878770648284,0.0863585046180551,0.07524122356805583,9.693499683022631
0.2,0.7000000000000001,0.0,0.1,0.07683560496797613,0.0845374394173203,0.07524122356805583,9.695853313811561
0.2,0.7000000000000001,0.1,0.0,0.0755809284939369,0.08358612647670266,0.07903921166084993,9.774776643045483
0.2,0.8,0.0,0.0,0.0748140231617346,0.08262164613259093,0.0814001231779922,9.831818982903838
0.30000000000000004,0.0,0.0,0.7000000000000001,0.06540998526846868,0.07771946376022175,0.008725107780743174,8.492900042937038
0.30000000000000004,0.0,0.1,0.6000000000000001,0.06561105425457617,0.07647435064925268,0.00893040443440772,8.495710848186182
0.30000000000000004,0.0,0.2,0.5,0.0655978723224634,0.07708831837166089,0.008827756107575446,8.500557908302024
0.30000000000000004,0.0,0.30000000000000004,0.4,0.06648080734844598,0.0766328716682902,0.009751591049065901,8.510214341160276
0.30000000000000004,0.0,0.4,0.30000000000000004,0.068168718274086,0.07736551300039952,0.01129131595154999,8.530812516787888
0.30000000000000004,0.0,0.5,0.2,0.06919498414756296,0.07963826564187498,0.015807842332169985,8.579509518921078
0.30000000000000004,0.0,0.6000000000000001,0.1,0.06540454394349038,0.07871217272195602,0.025456785054403613,8.705729575209547
0.30000000000000004,0.0,0.7000000000000001,0.0,0.06097979440869375,0.0734804622871919,0.0360295627181277,8.947086728561462
0.30000000000000004,0.1,0.0,0.6000000000000001,0.06878866353270138,0.07973718975951065,0.010059536029562718,8.52320421813194
0.30000000000000004,0.1,0.1,0.5,0.07028844879352826,0.08149500514930705,0.010778074317388626,8.53227378470155
0.30000000000000004,0.1,0.2,0.4,0.07109148206105459,0.08023149624803746,0.011804557585711353,8.547524639482953
0.30000000000000004,0.1,0.30000000000000004,0.30000000000000004,0.07314312271414806,0.08252315746404817,0.013549579141859988,8.577674870627355
0.30000000000000004,0.1,0.4,0.2,0.07543526748091037,0.08670435375158214,0.01827140217614453,8.631641003778578
0.30000000000000004,0.1,0.5,0.1,0.07599896103737037,0.08929922735654716,0.02689386163005543,8.757869268579118
0.30000000000000004,0.1,0.6000000000000001,0.0,0.0752182824707034,0.08951539691959598,0.03910901252309587,8.971809484285266
0.30000000000000004,0.2,0.0,0.5,0.07194617380649854,0.08485614570034117,0.01560254567850544,8.625498981090292
0.30000000000000004,0.2,0.1,0.4,0.07289644068180486,0.08638631086104025,0.018066105522479982,8.656037190404971
0.30000000000000004,0.2,0.2,0.30000000000000004,0.07585150205709935,0.089392554185259,0.02135085198111271,8.70537048379515
0.30000000000000004,0.2,0.30000000000000004,0.2,0.07849157977133553,0.09073122474343984,0.025764730034900433,8.780646781184469
0.30000000000000004,0.2,0.4,0.1,0.08013251702289274,0.09338282766295734,0.03469513446930815,8.918771255141374
0.30000000000000004,0.2,0.5,0.0,0.08132238968155184,0.0968925698498271,0.044549373845206325,9.100140444042331
0.30000000000000004,0.30000000000000004,0.0,0.4,0.07552891893697157,0.08947742418890156,0.028741531513036336,8.82574561819691
0.30000000000000004,0.30000000000000004,0.1,0.30000000000000004,0.07809180214369345,0.08901476255101337,0.03212892629850134,8.896742639486973
0.30000000000000004,0.30000000000000004,0.2,0.2,0.07984207252915657,0.08838461544285943,0.03746663929377951,8.993665339334713
0.30000000000000004,0.30000000000000004,0.30000000000000004,0.1,0.08266174471495358,0.09210683648997876,0.04485731882570314,9.133196093619627
0.30000000000000004,0.30000000000000004,0.4,0.0,0.08400710265750864,0.09575747078219934,0.05543009648942722,9.30881191742296
0.30000000000000004,0.4,0.0,0.30000000000000004,0.07856301966430652,0.08886116489955329,0.04526791213303223,9.129944270376761
0.30000000000000004,0.4,0.1,0.2,0.08025303526104269,0.08881715476945874,0.05029768014781359,9.235160429717796
0.30000000000000004,0.4,0.2,0.1,0.08228234799277119,0.0910729648890106,0.05666187641141449,9.356182714585445
0.30000000000000004,0.4,0.30000000000000004,0.0,0.08068983425480908,0.08977848128771161,0.06394990761650585,9.502111638979665
0.30000000000000004,0.5,0.0,0.2,0.07875370059023458,0.08723025998416728,0.05994662287004722,9.419308954621474
0.30000000000000004,0.5,0.1,0.1,0.08148359701315536,0.0902699814252814,0.0652843358653254,9.524663285622635
0.30000000000000004,0.5,0.2,0.0,0.07952846530563207,0.08844728557662684,0.07185382878259085,9.646887463902267
0.30000000000000004,0.6000000000000001,0.0,0.1,0.07704108063373104,0.0842730644172864,0.07144323547526175,9.646109884015585
0.30000000000000004,0.6000000000000001,0.1,0.0,0.07672053383698141,0.08496298407788491,0.07719154177786902,9.745257104136547
0.30000000000000004,0.7000000000000001,0.0,0.0,0.07553174723624441,0.0843290612031786,0.08047628823650174,9.818837315421076
0.4,0.0,0.0,0.6000000000000001,0.06378920519991284,0.0743008272212166,0.009033052761239991,8.501377385850752
0.4,0.0,0.1,0.5,0.0645081023132196,0.07426297500756163,0.009135701088072264,8.505564307959895
0.4,0.0,0.2,0.4,0.0674087458428271,0.07827093924438644,0.009854239375898173,8.514907429557127
0.4,0.0,0.30000000000000004,0.30000000000000004,0.06815294577610348,0.0775365316994801,0.011496612605214535,8.534830502608287
0.4,0.0,0.4,0.2,0.06775538495849422,0.07567848177860875,0.014884007390679532,8.580507559393302
0.4,0.0,0.5,0.1,0.06667633579734969,0.07852293185969603,0.024019708478751796,8.70895927816432
0.4,0.0,0.6000000000000001,0.0,0.06167154253089381,0.07355810491504847,0.032847464586327244,8.943377813114466
0.4,0.1,0.0,0.5,0.06757268078633048,0.07660033867886522,0.011086019297885445,8.541722639988519
0.4,0.1,0.1,0.4,0.07033046877193173,0.07879803731529104,0.012009854239375898,8.559738942487801
0.4,0.1,0.2,0.30000000000000004,0.07148826440056631,0.07972483685842811,0.014165469102853623,8.591780367100746
0.4,0.1,0.30000000000000004,0.2,0.07365526285535251,0.0832080135249972,0.018066105522479982,8.648409020179804
0.4,0.1,0.4,0.1,0.07488043904697794,0.08822198163360709,0.026688564976390886,8.783282265854538
0.4,0.1,0.5,0.0,0.07500319498568787,0.09030441389364283,0.036748101005953604,9.00645909419655
0.4,0.2,0.0,0.4,0.0742897273446183,0.0864279569751375,0.019605830424964072,8.684299236185806
0.4,0.2,0.1,0.30000000000000004,0.07504746841788663,0.08753470873103934,0.022787928556764526,8.738460369744969
0.4,0.2,0.2,0.2,0.07846139503849081,0.09020733026647677,0.026380619995894066,8.820044705549554
0.4,0.2,0.30000000000000004,0.1,0.08001573657059283,0.0921699715077437,0.03428454116197906,8.960110416006923
0.4,0.2,0.4,0.0,0.08080831185127399,0.0946440886344016,0.04383083555738042,9.16739951893885
0.4,0.30000000000000004,0.0,0.30000000000000004,0.07766882090606851,0.0894285886844861,0.035311024430301784,8.959931491094432
0.4,0.30000000000000004,0.1,0.2,0.08032701267331896,0.08938666017471605,0.03972490248408951,9.064074998001386
0.4,0.30000000000000004,0.2,0.1,0.08300525937212071,0.09253100680346421,0.04680763703551632,9.207756845988227
0.4,0.30000000000000004,0.30000000000000004,0.0,0.08127604350822183,0.0922115969287292,0.05501950318209813,9.388706664074416
0.4,0.4,0.0,0.2,0.078991216313466,0.08796885654106686,0.0532744816259495,9.302510638490336
0.4,0.4,0.1,0.1,0.0805923262606599,0.08932067401129797,0.05861219462122767,9.434284993471683
0.4,0.4,0.2,0.0,0.08017523513679685,0.0901124552437757,0.06569492917265449,9.578309029903787
0.4,0.5,0.0,0.1,0.07815738720653337,0.0845101445098311,0.06815848901662903,9.592911982239572
0.4,0.5,0.1,0.0,0.07730755999306017,0.08458151248077579,0.07349620201190721,9.709822826280321
0.4,0.6000000000000001,0.0,0.0,0.07522275343795684,0.08346633337745439,0.07760213508519812,9.79286136905716
0.5,0.0,0.0,0.5,0.06580478629000341,0.07573410981380622,0.009443646068569083,8.513964131760355
0.5,0.0,0.1,0.4,0.06512415051225454,0.07387487098385775,0.009956887702730446,8.52510453669281
0.5,0.0,0.2,0.30000000000000004,0.06755216437463159,0.07609319401812425,0.011393964278382263,8.545718544468592
0.5,0.0,0.30000000000000004,0.2,0.06803853905751948,0.07560996197541388,0.014473414083350442,8.594813113769694
0.5,0.0,0.4,0.1,0.0664445581932653,0.07574643534038493,0.022377335249435436,8.721918651315287
0.5,0.0,0.5,0.0,0.061168763534206735,0.07229208990384416,0.031102443030178607,8.985708181416312
0.5,0.1,0.0,0.4,0.0692447610275488,0.0774580034077638,0.012523095873537261,8.580772871547783
0.5,0.1,0.1,0.30000000000000004,0.07043735525871019,0.07827803828101826,0.014268117429685897,8.61329892794659
0.5,0.1,0.2,0.2,0.07289968323757812,0.08256316965890936,0.01898994046397044,8.679171237402521
0.5,0.1,0.30000000000000004,0.1,0.0726367460903724,0.08617802178278804,0.025764730034900433,8.818432184433526
0.5,0.1,0.4,0.0,0.0711063936659147,0.08724765546688926,0.03407924450831452,9.06936770414351
0.5,0.2,0.0,0.30000000000000004,0.07712495803498196,0.08919612877649567,0.024327653459248613,8.78671243221268
0.5,0.2,0.1,0.2,0.07853171819545043,0.08866527182246127,0.02771504824471361,8.876361238954155
0.5,0.2,0.2,0.1,0.07774263742128615,0.08883805810382435,0.03520837610346951,9.038175747323498
0.5,0.2,0.30000000000000004,0.0,0.07766728008515952,0.08781724794988044,0.042291110654896324,9.256706463747658
0.5,0.30000000000000004,0.0,0.2,0.0797424139441499,0.09067800487761309,0.04290700061588996,9.150699338607962
0.5,0.30000000000000004,0.1,0.1,0.07889675562301093,0.0910670682472189,0.04937384520632314,9.306586398473799
0.5,0.30000000000000004,0.2,0.0,0.07827005769972802,0.08980241182054786,0.05614863477725313,9.48819697668472
0.5,0.4,0.0,0.1,0.07789211962720377,0.08696056560882483,0.06251283104085403,9.531065620225595
0.5,0.4,0.1,0.0,0.07798984513674226,0.08790790764371198,0.0667214124409772,9.67119953478316
0.5,0.5,0.0,0.0,0.07437638728645275,0.08021896444388076,0.07349620201190721,9.786105239280301
0.6000000000000001,0.0,0.0,0.4,0.06495741084984175,0.07227398771852456,0.010264832683227263,8.540966352530576
0.6000000000000001,0.0,0.1,0.30000000000000004,0.06683709450489582,0.07479765771589643,0.011599260932046808,8.56335941805853
0.6000000000000001,0.0,0.2,0.2,0.06686227344908562,0.07610247329355492,0.014884007390679532,8.618232484900037
0.6000000000000001,0.0,0.30000000000000004,0.1,0.06450568909313659,0.07312529214865335,0.021556148634777252,8.754167436194871
0.6000000000000001,0.0,0.4,0.0,0.05897742475280256,0.06862100775148286,0.02843358653253952,9.05606576300558
0.6000000000000001,0.1,0.0,0.30000000000000004,0.06851331614394125,0.07535901955575385,0.015294600698008622,8.64684358217879
0.6000000000000001,0.1,0.1,0.2,0.0717068308879528,0.08150861350507523,0.019708478751796345,8.724881004394563
0.6000000000000001,0.1,0.2,0.1,0.07073865774736043,0.08189055821302968,0.024840895093409976,8.87895405929535
0.6000000000000001,0.1,0.30000000000000004,0.0,0.06846477732368116,0.08181911804057293,0.030589201396017243,9.166703840699489
0.6000000000000001,0.2,0.0,0.2,0.07477091298320535,0.08640651616854127,0.0315130363375077,8.978075843908133
0.6000000000000001,0.2,0.1,0.1,0.0754110096105544,0.0869429915128566,0.03736399096694724,9.16319755263409
0.6000000000000001,0.2,0.2,0.0,0.07554627879818902,0.08802442215049289,0.04280435228905769,9.404197873106154
0.6000000000000001,0.30000000000000004,0.0,0.1,0.07639279545974478,0.08691414420808499,0.05378772326011086,9.445294444903013
0.6000000000000001,0.30000000000000004,0.1,0.0,0.07404947620797092,0.08370156408180969,0.05830424964073085,9.647725390423009
0.6000000000000001,0.4,0.0,0.0,0.07293663388112996,0.0786831002932044,0.06733730240197085,9.791068198163119
0.7000000000000001,0.0,0.0,0.30000000000000004,0.06479990089852569,0.07551878937183411,0.012933689180866351,8.587917426559716
0.7000000000000001,0.0,0.1,0.2,0.0643169063367114,0.07422927750116616,0.016834325600492712,8.656390499168795
0.7000000000000001,0.0,0.2,0.1,0.06154541956781942,0.06930569210274723,0.021145555327448162,8.821927659531742
0.7000000000000001,0.0,0.30000000000000004,0.0,0.056403819514836945,0.06727388566384829,0.02566208170806816,9.181351412078703
0.7000000000000001,0.1,0.0,0.2,0.06733608415587106,0.07636089775168156,0.02094025867378362,8.816970336541605
0.7000000000000001,0.1,0.1,0.1,0.06724875180428391,0.07700861037079304,0.025456785054403613,9.020448215931225
0.7000000000000001,0.1,0.2,0.0,0.06432144681837712,0.07364904799086494,0.030075959761855883,9.372315251547292
0.7000000000000001,0.2,0.0,0.1,0.06999584606094403,0.0799166478415386,0.03880106754259906,9.363245606369786
0.7000000000000001,0.2,0.1,0.0,0.06855399924874202,0.07820561493053707,0.0435228905768836,9.64352738383518
0.7000000000000001,0.30000000000000004,0.0,0.0,0.06794364756417133,0.07504052442503369,0.05779100800656949,9.846136775155498
0.8,0.0,0.0,0.2,0.06095674436458803,0.0704031771812423,0.017758160541983165,8.739697128107608
0.8,0.0,0.1,0.1,0.06018924423864157,0.07218630924484824,0.02145350030794498,8.975651808170978
0.8,0.0,0.2,0.0,0.05372058583702423,0.06319817881287068,0.024019708478751796,9.439555626057048
0.8,0.1,0.0,0.1,0.059395862690763454,0.06480963976717147,0.02525148840073907,9.347911099167915
0.8,0.1,0.1,0.0,0.056904818145189176,0.06261515261435983,0.02884417983986861,9.7966606478574
0.8,0.2,0.0,0.0,0.06022417178708605,0.06870631686761658,0.042599055635393145,10.007274724406448
0.9,0.0,0.0,0.1,0.046928865673199885,0.049411425586549845,0.02135085198111271,9.40926675327409
0.9,0.0,0.1,0.0,0.03945193586926727,0.04312304372681557,0.02299322521042907,10.10794025052657
0.9,0.1,0.0,0.0,0.0456150686468721,0.0471125368167791,0.028536234859371793,10.422857356364599
1.0,0.0,0.0,0.0,0.023715830808763168,0.022041487379791783,0.023095873537261342,11.07809287644537
