summary_type,key,count,mean_rating
rating_value,0.5,1370,0.5
rating_value,1.0,2811,1.0
rating_value,1.5,1791,1.5
rating_value,2.0,7551,2.0
rating_value,2.5,5550,2.5
rating_value,3.0,20047,3.0
rating_value,3.5,13136,3.5
rating_value,4.0,26818,4.0
rating_value,4.5,8551,4.5
rating_value,5.0,13211,5.0
year,1996,6040,3.5359271523178806
year,1997,1916,3.7275574112734864
year,1998,507,3.4358974358974357
year,1999,2439,3.772447724477245
year,2000,10061,3.39250571513766
year,2001,3922,3.5122386537480876
year,2002,3478,3.606958021851639
year,2003,4014,3.4993771798704536
year,2004,3279,3.506099420555047
year,2005,5813,3.4315327713745054
year,2006,4059,3.487928061098793
year,2007,7114,3.3090385156030364
year,2008,4351,3.656745575729717
year,2009,4158,3.3924963924963927
year,2010,2301,3.4634941329856583
year,2011,1690,3.7840236686390534
year,2012,4656,3.6413230240549828
year,2013,1664,3.8774038461538463
year,2014,1439,3.5107713690062545
year,2015,6616,3.513830108827086
year,2016,6703,3.686334477099806
year,2017,8198,3.3488045864845084
year,2018,6418,3.3890620130881897
genre,Action,30635,3.447984331646809
genre,Adventure,24161,3.5086089151939075
genre,Animation,6988,3.6299370349170004
genre,Children,9208,3.412956125108601
genre,Comedy,39053,3.3847207640898267
genre,Crime,16681,3.658293867274144
genre,Documentary,1219,3.797785069729286
genre,Drama,41928,3.6561844113718758
genre,Fantasy,11834,3.4910005070136894
genre,Film-Noir,870,3.920114942528736
genre,Horror,7291,3.258195034974626
genre,IMAX,4145,3.618335343787696
genre,Musical,4138,3.5636781053649105
genre,Mystery,7674,3.632460255407871
genre,Romance,18124,3.5065107040388437
genre,Sci-Fi,17243,3.455721162210752
genre,Thriller,26452,3.4937055799183425
genre,War,4859,3.8082938876312
genre,Western,1930,3.583937823834197
decade,1900,8,3.3125
decade,1910,8,3.3125
decade,1920,125,3.74
decade,1930,687,3.7336244541484715
decade,1940,1101,3.870572207084469
decade,1950,1784,3.845011210762332
decade,1960,2858,3.8080825752274317
decade,1970,4995,3.7756756756756755
decade,1980,12912,3.5183550185873607
decade,1990,37087,3.4346132067840482
decade,2000,29766,3.4657495128670295
decade,2010,9487,3.4887741119426585
decade,Unknown,18,3.638888888888889
