user_id,n_ratings,mean_rating,activity_bucket,first_rating_date,last_rating_date,activity_span_days
1,232,4.366379310344827,100-300,2000-07-30,2000-08-08,8.555127314814815
2,29,3.9482758620689653,20-50,2015-10-24,2015-10-24,0.005844907407407407
3,39,2.4358974358974357,20-50,2011-05-27,2011-05-27,0.011226851851851852
4,216,3.5555555555555554,100-300,1999-12-13,2001-12-05,723.3346527777778
5,44,3.6363636363636362,20-50,1996-11-08,1996-11-08,0.006828703703703704
6,314,3.4936305732484074,300+,1996-10-17,1996-10-17,0.044050925925925924
7,152,3.2302631578947367,100-300,2005-01-25,2007-04-10,804.9342013888889
8,47,3.574468085106383,20-50,1996-08-08,1996-08-08,0.007569444444444445
9,46,3.260869565217391,20-50,2003-02-07,2003-02-07,0.007962962962962963
10,140,3.2785714285714285,100-300,2016-02-12,2016-02-16,3.677337962962963
11,64,3.78125,50-100,1998-07-23,1998-08-30,38.316319444444446
12,32,4.390625,20-50,2009-07-10,2009-07-10,0.013344907407407408
13,31,3.6451612903225805,20-50,2001-04-16,2001-04-21,5.085243055555556
14,48,3.3958333333333335,20-50,1996-06-22,1996-06-22,0.017025462962962964
15,135,3.448148148148148,100-300,2011-03-06,2017-11-13,2443.9050462962964
16,98,3.7244897959183674,50-100,2013-08-26,2013-08-26,0.01601851851851852
17,105,4.20952380952381,100-300,2011-05-18,2012-01-19,245.91460648148148
18,502,3.7320717131474104,300+,2016-02-09,2018-08-20,922.8833333333333
19,703,2.607396870554765,300+,2000-08-08,2000-08-08,0.1362847222222222
20,242,3.590909090909091,100-300,2003-05-27,2003-05-28,1.288888888888889
21,443,3.260722347629797,300+,2013-08-18,2017-07-22,1433.7900578703704
22,119,2.5714285714285716,100-300,2010-03-11,2010-03-16,4.593634259259259
23,121,3.6487603305785123,100-300,2005-01-31,2005-02-18,17.831296296296298
24,110,3.65,100-300,2016-03-25,2016-03-26,0.40947916666666667
25,26,4.8076923076923075,20-50,2018-08-28,2018-08-28,0.0013425925925925925
26,21,3.238095238095238,20-50,1996-07-09,1996-07-09,0.0027546296296296294
27,135,3.5481481481481483,100-300,2000-07-04,2000-08-01,28.54898148148148
28,570,3.020175438596491,300+,2009-02-11,2010-06-20,493.8417361111111
29,81,4.1419753086419755,50-100,2011-06-12,2014-07-20,1133.2233333333334
30,34,4.735294117647059,20-50,2017-07-18,2017-07-18,0.0013657407407407407
31,50,3.92,50-100,1996-12-13,1997-01-02,20.161840277777777
32,102,3.7549019607843137,100-300,1997-02-23,1997-02-23,0.0146875
33,156,3.7884615384615383,100-300,1999-10-11,1999-10-20,8.985208333333333
34,86,3.4186046511627906,50-100,2006-10-28,2007-01-14,78.28501157407408
35,23,4.086956521739131,20-50,1996-05-01,1996-05-01,0.009895833333333333
36,60,2.6333333333333333,50-100,2004-11-18,2004-11-18,0.0077083333333333335
37,21,4.142857142857143,20-50,1996-10-13,1996-10-21,7.958645833333334
38,78,3.217948717948718,50-100,1996-08-29,1996-08-29,0.007233796296296296
39,100,4.0,100-300,2000-11-21,2000-11-21,0.03229166666666667
40,103,3.766990291262136,100-300,1996-05-14,1996-05-14,0.01837962962962963
41,217,3.2534562211981566,100-300,2016-03-25,2016-03-30,5.039965277777778
42,440,3.565909090909091,300+,2001-07-27,2001-07-27,0.5793171296296297
43,114,4.552631578947368,100-300,1996-11-26,1996-11-26,0.019837962962962963
44,48,3.3541666666666665,20-50,1997-07-18,1998-05-22,307.89211805555556
45,399,3.8759398496240602,300+,2000-02-16,2007-10-25,2807.532349537037
46,42,4.0,20-50,1996-06-14,1996-06-14,0.007060185185185185
47,140,3.0535714285714284,100-300,2017-05-31,2017-05-31,0.08280092592592593
48,33,4.03030303030303,20-50,2005-09-19,2005-09-19,0.013541666666666667
49,21,4.261904761904762,20-50,2017-04-25,2017-04-25,0.04005787037037037
50,310,2.7806451612903227,300+,2017-07-20,2018-09-13,420.0961805555556
51,359,3.7757660167130918,300+,2009-01-02,2009-01-04,1.303125
52,130,4.476923076923077,100-300,2016-07-09,2016-07-09,0.012476851851851852
53,20,5.0,20-50,2009-03-22,2009-03-22,0.0006828703703703704
54,33,3.0303030303030303,20-50,1996-04-23,1996-08-13,111.99030092592592
55,25,2.84,20-50,2011-08-07,2011-08-07,0.017777777777777778
56,46,3.8043478260869565,20-50,1996-06-26,1996-06-26,0.004895833333333334
57,476,3.392857142857143,300+,2000-08-09,2000-10-22,73.84608796296297
58,112,3.9017857142857144,100-300,1996-11-11,1996-11-11,0.016458333333333332
59,107,4.355140186915888,100-300,2000-03-21,2000-03-21,0.03332175925925926
60,22,3.727272727272727,20-50,2014-02-27,2014-02-27,0.004502314814814815
61,39,4.051282051282051,20-50,2006-04-20,2006-04-20,0.013368055555555555
62,366,4.081967213114754,300+,2018-03-19,2018-09-13,178.0802199074074
63,271,3.6309963099630997,100-300,2015-09-25,2015-10-01,6.2035532407407405
64,517,3.7688588007736943,300+,2006-10-22,2006-10-23,1.1700231481481482
65,34,4.029411764705882,20-50,2017-05-14,2017-05-14,0.41304398148148147
66,345,4.0202898550724635,300+,2004-08-22,2007-06-24,1036.8004976851853
67,36,3.9722222222222223,20-50,2017-07-28,2017-07-28,0.008715277777777778
68,1260,3.233730158730159,300+,2006-09-17,2018-07-29,4332.944131944444
69,46,4.369565217391305,20-50,2002-05-17,2002-05-17,0.055671296296296295
70,62,4.32258064516129,50-100,2012-12-11,2012-12-11,0.16717592592592592
71,35,3.6,20-50,1997-05-27,1997-05-27,0.024247685185185185
72,45,4.155555555555556,20-50,2008-07-29,2008-07-29,0.018159722222222223
73,210,3.711904761904762,100-300,2016-05-25,2016-05-26,1.005300925925926
74,177,4.271186440677966,100-300,2008-04-06,2008-04-06,0.04565972222222222
75,69,3.2318840579710146,50-100,2006-09-22,2006-09-23,0.2684490740740741
76,119,3.0840336134453783,100-300,2015-08-10,2015-08-10,0.04023148148148148
77,29,4.0,20-50,2018-08-24,2018-08-24,0.0013425925925925925
78,61,3.1639344262295084,50-100,2009-09-10,2009-09-10,0.023981481481481482
79,64,4.203125,50-100,2000-11-26,2000-11-26,0.009224537037037036
80,167,4.2604790419161676,100-300,2013-08-24,2013-08-25,1.938912037037037
81,26,2.769230769230769,20-50,1996-10-14,1996-10-14,0.006469907407407408
82,227,3.381057268722467,100-300,2004-05-13,2004-05-19,5.5681365740740745
83,118,3.309322033898305,100-300,2012-03-27,2012-04-12,15.688576388888889
84,293,3.689419795221843,100-300,1997-03-06,1997-04-07,31.780868055555555
85,34,3.7058823529411766,20-50,1998-03-09,1998-03-09,0.01990740740740741
86,70,3.9285714285714284,50-100,2012-08-02,2012-08-05,3.0125925925925925
87,21,3.9523809523809526,20-50,2010-04-08,2011-01-27,294.05648148148146
88,56,4.035714285714286,50-100,2012-03-10,2012-03-10,0.021296296296296296
89,518,3.472972972972973,300+,2018-03-07,2018-03-07,0.016122685185185184
90,54,4.074074074074074,50-100,1997-02-19,1997-02-19,0.00712962962962963
91,575,3.3956521739130436,300+,2005-04-05,2005-04-05,0.08494212962962963
92,24,3.9375,20-50,2011-01-13,2011-01-13,0.018900462962962963
93,97,4.288659793814433,50-100,1999-11-16,1999-11-18,2.089965277777778
94,56,3.0357142857142856,50-100,1996-09-22,1996-09-22,0.003981481481481482
95,168,4.0625,100-300,2003-01-23,2005-01-10,718.3099421296296
96,78,3.8846153846153846,50-100,2000-07-28,2000-07-28,0.019444444444444445
97,36,4.194444444444445,20-50,2003-01-24,2003-03-12,47.45013888888889
98,92,3.9130434782608696,50-100,2018-07-24,2018-07-24,0.011446759259259259
99,53,3.8679245283018866,50-100,1996-04-18,1996-04-18,0.005706018518518518
100,148,3.945945945945946,100-300,2004-11-11,2004-11-12,1.0875
101,61,3.557377049180328,50-100,2000-09-08,2000-09-08,0.03594907407407407
102,56,3.357142857142857,50-100,1996-06-27,1996-08-21,55.08542824074074
103,377,3.907161803713528,300+,2015-05-18,2018-03-27,1044.191400462963
104,273,3.5073260073260073,100-300,2003-03-25,2014-11-17,4255.275798611111
105,722,4.116343490304709,300+,2015-11-03,2018-05-13,921.7221990740741
106,33,4.4393939393939394,20-50,2016-07-01,2017-03-14,256.22903935185184
107,34,3.911764705882353,20-50,1996-04-12,1996-05-13,31.036469907407408
108,76,3.986842105263158,50-100,2003-01-17,2003-01-17,0.033622685185185186
109,127,3.220472440944882,100-300,1996-08-27,1996-09-30,34.407719907407404
110,51,3.7254901960784315,50-100,2007-03-31,2007-03-31,0.009212962962962963
111,646,3.3397832817337463,300+,2018-01-16,2018-02-23,37.91361111111111
112,65,3.5923076923076924,50-100,2015-09-18,2018-02-17,883.7108912037037
113,150,3.6466666666666665,100-300,2001-01-21,2001-01-24,2.966736111111111
114,31,3.435483870967742,20-50,2017-01-25,2017-01-26,0.045752314814814815
115,112,3.767857142857143,100-300,1999-12-11,2000-12-23,378.0116550925926
116,87,3.4367816091954024,50-100,2012-05-16,2012-05-16,0.055185185185185184
117,165,3.3393939393939394,100-300,1996-10-01,1996-10-01,0.014456018518518519
118,22,3.8181818181818183,20-50,1999-12-11,1999-12-11,0.013657407407407408
119,215,4.176744186046512,100-300,2015-07-03,2017-09-13,803.1326736111112
120,22,3.409090909090909,20-50,1997-04-03,1997-04-03,0.0038541666666666668
121,58,3.293103448275862,50-100,1996-11-10,1996-11-10,0.005856481481481482
122,292,4.546232876712328,100-300,2016-04-25,2016-04-25,0.024780092592592593
123,56,4.035714285714286,50-100,2015-11-11,2015-11-29,18.136782407407406
124,50,3.99,50-100,2012-05-07,2012-05-09,2.0261574074074074
125,360,3.859722222222222,300+,2016-09-17,2017-12-20,458.71373842592595
126,38,3.289473684210526,20-50,1996-10-21,1996-10-21,0.0032060185185185186
127,22,3.1136363636363638,20-50,2010-01-15,2010-01-15,0.006296296296296296
128,33,4.363636363636363,20-50,1998-06-28,1998-06-28,0.013668981481481482
129,140,3.9214285714285713,100-300,2006-12-29,2006-12-29,0.0350462962962963
130,28,3.5357142857142856,20-50,1996-05-20,1996-05-20,0.002037037037037037
131,69,3.4420289855072466,50-100,2012-10-10,2012-10-10,0.025486111111111112
132,347,3.0389048991354466,300+,2006-09-10,2012-02-23,1991.4850925925925
133,35,3.0,20-50,1996-09-23,1996-09-23,0.011724537037037037
134,35,3.5714285714285716,20-50,1996-05-23,1996-05-23,0.009988425925925927
135,279,3.630824372759857,100-300,2001-12-30,2001-12-30,0.04868055555555555
136,111,3.315315315315315,100-300,1996-05-18,1996-05-18,0.027824074074074074
137,141,3.978723404255319,100-300,2008-03-07,2008-03-07,0.05793981481481481
138,22,3.522727272727273,20-50,2008-09-29,2008-09-29,0.0071643518518518514
139,194,2.1443298969072164,100-300,2016-01-27,2016-01-27,0.01667824074074074
140,608,3.4991776315789473,300+,1999-11-17,2007-08-02,2815.2532175925926
141,168,3.5386904761904763,100-300,2017-12-13,2017-12-13,0.03805555555555556
142,38,3.8157894736842106,20-50,1996-08-01,1996-08-01,0.030127314814814815
143,71,3.323943661971831,50-100,2015-10-13,2015-10-15,1.3086342592592592
144,128,3.62890625,100-300,2006-01-09,2006-01-15,5.932094907407407
145,23,3.347826086956522,20-50,1996-05-14,1996-05-14,0.0038310185185185183
146,32,3.140625,20-50,2011-08-05,2011-08-05,0.01615740740740741
147,20,3.375,20-50,2008-02-17,2008-02-17,0.0005208333333333333
148,48,3.7395833333333335,20-50,2016-12-24,2016-12-24,0.019016203703703705
149,58,2.7241379310344827,50-100,1998-08-02,1998-08-02,0.006435185185185185
150,26,3.576923076923077,20-50,1997-01-25,1997-01-25,0.0018402777777777777
151,59,3.542372881355932,50-100,1997-02-14,1997-02-14,0.019965277777777776
152,63,4.023809523809524,50-100,2015-12-20,2015-12-23,3.4198726851851853
153,179,2.217877094972067,100-300,2018-05-05,2018-05-05,0.05813657407407408
154,34,4.382352941176471,20-50,2017-02-05,2017-02-05,0.0031018518518518517
155,46,3.608695652173913,20-50,2000-06-24,2000-08-10,47.20979166666667
156,398,3.692211055276382,300+,1999-10-13,2005-02-26,1963.078101851852
157,21,3.4761904761904763,20-50,2001-06-14,2001-06-14,0.006284722222222222
158,26,3.423076923076923,20-50,2010-11-26,2010-11-26,0.004131944444444444
159,97,3.2731958762886597,50-100,2017-10-22,2017-10-22,0.013981481481481482
160,437,2.708237986270023,300+,2000-10-09,2004-02-25,1234.2300810185186
161,39,3.8333333333333335,20-50,2007-04-13,2007-08-02,110.81939814814815
162,38,4.2368421052631575,20-50,1996-07-04,1996-07-06,2.2624768518518517
163,23,3.0,20-50,1998-05-03,1998-05-03,0.0004398148148148148
164,36,4.25,20-50,2001-09-05,2001-09-05,0.004791666666666666
165,65,3.5384615384615383,50-100,2003-03-04,2003-03-04,0.009548611111111112
166,190,4.073684210526316,100-300,2007-09-02,2007-09-26,23.786875
167,173,3.439306358381503,100-300,2006-08-04,2007-04-25,263.8583912037037
168,94,4.462765957446808,50-100,2011-05-30,2011-05-31,0.1546412037037037
169,269,4.24907063197026,100-300,2003-07-28,2004-08-13,381.32300925925927
170,50,3.34,50-100,1996-08-18,1996-08-19,1.0707175925925927
171,82,4.634146341463414,50-100,1997-06-21,1997-06-21,0.020462962962962964
172,26,3.826923076923077,20-50,2009-04-02,2010-11-29,605.8995949074074
173,25,3.48,20-50,1996-09-22,1996-09-30,7.969143518518519
174,67,3.656716417910448,50-100,1996-11-20,1996-11-20,0.004733796296296297
175,24,3.5416666666666665,20-50,2009-02-09,2009-02-09,0.018993055555555555
176,36,4.055555555555555,20-50,1996-08-15,1996-08-15,0.007071759259259259
177,904,3.375553097345133,300+,2015-06-28,2015-12-10,164.32787037037036
178,77,4.090909090909091,50-100,2006-11-16,2006-11-24,7.893287037037037
179,69,3.782608695652174,50-100,1996-08-24,1997-01-01,129.72719907407406
180,24,3.5625,20-50,2010-04-02,2010-04-02,0.004664351851851852
181,118,2.940677966101695,100-300,1996-10-16,1996-10-16,0.03462962962962963
182,977,3.5112589559877176,300+,2003-06-05,2006-10-23,1236.624537037037
183,57,3.824561403508772,50-100,2001-06-12,2001-06-12,0.006458333333333333
184,134,3.705223880597015,100-300,2018-09-16,2018-09-16,0.18300925925925926
185,47,3.5319148936170213,20-50,2003-02-03,2003-02-04,0.30530092592592595
186,226,4.079646017699115,100-300,2002-09-03,2002-09-03,0.18458333333333332
187,258,3.7751937984496124,100-300,2006-10-26,2007-06-01,218.58533564814815
188,48,4.395833333333333,20-50,2000-07-02,2000-07-02,0.011944444444444445
189,20,4.1,20-50,2015-08-13,2015-08-13,0.001099537037037037
190,66,3.909090909090909,50-100,2017-09-01,2017-09-02,0.008564814814814815
191,85,3.7411764705882353,50-100,1996-04-17,1996-04-17,0.012604166666666666
192,22,4.045454545454546,20-50,1996-06-18,1996-06-18,0.011446759259259259
193,35,3.8,20-50,2015-07-02,2015-07-10,8.125381944444445
194,20,3.475,20-50,2005-03-08,2005-03-08,0.003738425925925926
195,187,3.5294117647058822,100-300,2000-11-20,2002-04-05,500.8567708333333
196,32,3.9375,20-50,2016-04-18,2016-04-18,0.007048611111111111
197,35,3.857142857142857,20-50,2000-01-09,2000-01-10,0.022604166666666668
198,230,3.491304347826087,100-300,2002-10-09,2002-12-13,65.54142361111111
199,363,3.3953168044077136,300+,1999-10-19,2014-05-28,5334.919189814815
200,334,3.809880239520958,300+,2008-12-21,2008-12-21,0.15591435185185185
201,110,4.1,100-300,1999-10-06,1999-10-29,23.018634259259258
202,403,3.8188585607940446,300+,2000-11-22,2000-11-23,1.2030324074074075
203,45,3.8444444444444446,20-50,2014-01-19,2014-01-19,0.012534722222222221
204,83,3.9578313253012047,50-100,2012-01-21,2012-01-21,0.18493055555555554
205,27,3.8703703703703702,20-50,2018-03-01,2018-04-12,42.00637731481481
206,25,4.04,20-50,1996-12-16,1996-12-16,0.002777777777777778
207,20,2.875,20-50,2009-11-18,2009-11-18,0.00798611111111111
208,26,3.3076923076923075,20-50,1999-10-23,1999-10-23,0.015752314814814816
209,35,4.242857142857143,20-50,2018-04-23,2018-04-24,0.9904513888888888
210,138,4.079710144927536,100-300,2016-09-12,2018-09-22,740.0961458333334
211,89,3.904494382022472,50-100,2012-10-22,2012-10-22,0.015474537037037037
212,248,3.590725806451613,100-300,2017-03-21,2018-07-23,488.975162037037
213,84,3.8273809523809526,50-100,2011-09-16,2011-09-16,0.032858796296296296
214,22,2.8636363636363638,20-50,1997-01-22,1997-01-22,0.004270833333333333
215,98,3.9081632653061225,50-100,2009-12-15,2009-12-15,0.04608796296296296
216,164,3.6646341463414633,100-300,2000-11-20,2001-02-14,86.0720949074074
217,613,2.761827079934747,300+,2000-04-17,2000-04-20,3.015115740740741
218,26,3.3653846153846154,20-50,2005-03-24,2005-03-24,0.003576388888888889
219,528,3.165719696969697,300+,2007-11-10,2009-03-16,492.57600694444443
220,207,3.963768115942029,100-300,2008-12-23,2010-02-19,422.59253472222224
221,331,4.126888217522659,300+,2005-03-18,2005-07-14,117.93540509259259
222,250,3.166,100-300,2014-02-02,2014-02-02,0.339849537037037
223,75,3.2733333333333334,50-100,2008-11-09,2008-11-09,0.011041666666666667
224,54,4.2592592592592595,50-100,2000-10-17,2000-10-17,0.020555555555555556
225,75,3.6533333333333333,50-100,2000-01-29,2000-01-30,1.7409375
226,507,3.4763313609467454,300+,2004-09-20,2008-06-09,1358.4601967592594
227,94,4.202127659574468,50-100,2015-11-10,2015-11-11,0.24827546296296296
228,25,3.74,20-50,2013-03-14,2013-03-14,0.004270833333333333
229,65,3.7384615384615385,50-100,1996-07-09,1996-07-23,13.958391203703703
230,139,2.8597122302158273,100-300,2007-11-29,2007-11-29,0.012800925925925926
231,24,3.8541666666666665,20-50,2015-05-31,2015-05-31,0.002372685185185185
232,862,3.2505800464037122,300+,2004-02-16,2011-06-05,2665.398958333333
233,150,3.3,100-300,2015-11-29,2018-09-20,1026.0967592592592
234,202,3.504950495049505,100-300,2001-10-01,2001-10-30,28.172326388888887
235,65,3.646153846153846,50-100,1996-08-30,1996-08-30,0.005
236,30,3.966666666666667,20-50,1999-11-19,1999-11-19,0.020891203703703703
237,50,3.36,50-100,2014-09-13,2014-09-20,6.990648148148148
238,44,3.6818181818181817,20-50,2001-12-09,2001-12-09,0.014849537037037038
239,279,4.026881720430108,100-300,2008-09-11,2008-09-19,8.32474537037037
240,128,3.9140625,100-300,1996-11-27,1996-11-27,0.015590277777777778
241,76,3.9802631578947367,50-100,2015-11-14,2015-11-14,0.05730324074074074
242,35,3.6,20-50,1996-06-06,1996-06-06,0.003425925925925926
243,36,4.138888888888889,20-50,1996-07-12,1996-07-12,0.006689814814814815
244,93,3.774193548387097,50-100,2000-11-24,2000-11-24,0.22875
245,21,2.7142857142857144,20-50,2000-02-22,2000-02-22,0.010127314814814815
246,204,4.252450980392157,100-300,2012-11-25,2012-12-19,24.21462962962963
247,150,3.7466666666666666,100-300,2016-07-04,2016-07-08,3.384803240740741
248,51,3.7450980392156863,50-100,2018-08-18,2018-08-22,4.158842592592593
249,1046,3.6964627151051626,300+,2012-09-04,2018-09-18,2205.3408564814813
250,27,4.222222222222222,20-50,2005-07-13,2005-07-13,0.006076388888888889
251,23,4.869565217391305,20-50,2016-08-08,2016-08-08,0.007523148148148148
252,38,4.197368421052632,20-50,2017-06-24,2017-06-24,0.018564814814814815
253,47,4.351063829787234,20-50,2010-10-09,2010-10-09,0.16974537037037038
254,127,3.9803149606299213,100-300,2007-05-29,2007-05-30,1.405150462962963
255,44,2.5681818181818183,20-50,2001-11-14,2001-11-14,0.006539351851851852
256,174,3.9454022988505746,100-300,2015-11-03,2015-11-14,11.027546296296297
257,20,3.2,20-50,2006-03-06,2006-03-06,0.007523148148148148
258,25,4.2,20-50,2018-08-21,2018-08-21,0.005717592592592593
259,29,3.1206896551724137,20-50,2006-05-05,2006-05-05,0.008622685185185185
260,152,3.7598684210526314,100-300,2005-02-26,2005-02-26,0.03425925925925926
261,53,3.858490566037736,50-100,2014-07-09,2014-07-09,0.010474537037037037
262,57,3.1052631578947367,50-100,1996-08-17,1996-08-17,0.06392361111111111
263,210,3.716666666666667,100-300,1999-10-20,2005-06-29,2079.728935185185
264,56,3.5625,50-100,2006-01-11,2006-01-11,0.010613425925925925
265,163,3.3496932515337425,100-300,2000-08-03,2000-08-29,25.982743055555556
266,180,3.5,100-300,1999-12-11,2000-01-23,42.78032407407407
267,57,4.175438596491228,50-100,2000-05-31,2001-08-06,432.0540277777778
268,129,3.2713178294573644,100-300,1999-10-17,1999-10-18,1.0944675925925926
269,29,3.6206896551724137,20-50,1996-12-17,1996-12-17,0.004375
270,40,3.2,20-50,1997-01-22,1997-01-22,0.0025
271,43,3.186046511627907,20-50,2009-02-10,2009-02-10,0.012893518518518518
272,31,3.629032258064516,20-50,2018-07-22,2018-09-20,60.300381944444446
273,55,4.0,50-100,1996-06-26,1996-08-09,43.705104166666665
274,1346,3.235884101040119,300+,2007-02-11,2011-10-12,1704.1442939814815
275,403,4.086848635235732,300+,2003-03-31,2003-03-31,0.03961805555555555
276,41,4.390243902439025,20-50,1997-03-14,1997-03-14,0.009606481481481481
277,28,3.5714285714285716,20-50,1997-04-23,1997-04-23,0.006666666666666667
278,20,3.875,20-50,2007-10-30,2007-10-30,0.0032060185185185186
279,176,3.647727272727273,100-300,2017-09-26,2017-09-26,0.021435185185185186
280,196,3.9005102040816326,100-300,2012-09-14,2012-11-12,58.75523148148148
281,21,3.2142857142857144,20-50,2007-06-28,2007-06-28,0.011157407407407408
282,237,4.033755274261603,100-300,2013-09-06,2017-12-23,1569.227326388889
283,35,3.3142857142857145,20-50,1998-07-23,1998-07-23,0.015289351851851853
284,88,3.715909090909091,50-100,1996-05-21,1996-05-22,1.0677893518518518
285,36,3.9583333333333335,20-50,2015-12-09,2016-12-29,386.6435648148148
286,106,3.7877358490566038,100-300,2005-06-23,2005-06-23,0.03274305555555555
287,152,2.6217105263157894,100-300,2005-03-07,2005-03-07,0.03877314814814815
288,1055,3.1459715639810426,300+,2000-11-20,2010-02-09,3367.744502314815
289,24,3.625,20-50,2006-03-27,2006-03-27,0.00537037037037037
290,267,4.142322097378277,100-300,2000-11-23,2000-11-24,1.0959722222222221
291,31,4.258064516129032,20-50,2016-01-17,2016-05-27,130.99979166666665
292,446,3.3015695067264574,300+,2000-11-10,2017-12-17,6246.868738425926
293,21,2.619047619047619,20-50,2003-02-10,2003-02-10,0.0037847222222222223
294,437,2.610983981693364,300+,2000-08-18,2000-08-18,0.4608333333333333
295,41,3.7439024390243905,20-50,2011-10-31,2011-10-31,0.007326388888888889
296,27,4.166666666666667,20-50,2018-07-30,2018-07-30,0.0036342592592592594
297,72,2.5972222222222223,50-100,1998-07-19,1998-07-19,0.053009259259259256
298,939,2.363684771033014,300+,2015-11-14,2016-11-13,365.1467476851852
299,23,3.652173913043478,20-50,2000-11-19,2000-11-19,0.0038541666666666668
300,32,4.296875,20-50,2015-03-03,2015-03-03,0.009027777777777777
301,114,3.3201754385964914,100-300,2008-05-21,2008-05-21,0.04362268518518519
302,32,4.0,20-50,1997-01-28,1997-01-28,0.015914351851851853
303,53,3.9056603773584904,50-100,2003-05-19,2003-05-19,0.0067708333333333336
304,216,3.8703703703703702,100-300,1997-10-28,2000-01-06,799.6818055555556
305,677,3.9246676514032495,300+,2016-04-08,2018-09-19,893.7604861111112
306,112,3.3169642857142856,100-300,2018-02-11,2018-02-11,0.628125
307,975,2.6656410256410257,300+,2007-08-02,2009-06-12,679.7557060185185
308,115,2.4260869565217393,100-300,2015-01-16,2015-01-16,0.024305555555555556
309,103,3.8398058252427183,100-300,2004-06-06,2007-02-24,992.7237847222223
310,64,3.53125,50-100,2004-03-07,2004-03-07,0.02537037037037037
311,28,2.3392857142857144,20-50,2003-07-10,2003-07-10,0.008125
312,223,3.708520179372197,100-300,2003-01-21,2003-01-21,0.027604166666666666
313,340,3.4323529411764704,300+,2002-08-27,2002-08-28,0.9714814814814815
314,128,3.046875,100-300,1996-06-08,1996-12-31,206.13386574074073
315,33,3.3636363636363638,20-50,1999-10-14,1999-10-14,0.033587962962962965
316,53,3.0,50-100,2005-03-22,2005-03-22,0.0077314814814814815
317,189,3.7301587301587302,100-300,2015-04-30,2015-05-03,2.8921412037037038
318,879,3.755972696245734,300+,2009-02-06,2018-09-09,3501.980983796296
319,35,4.428571428571429,20-50,2016-04-22,2016-04-23,1.1894444444444445
320,20,3.525,20-50,2010-09-12,2010-09-12,0.012106481481481482
321,56,3.5714285714285716,50-100,1996-09-20,1996-09-20,0.004664351851851852
322,107,3.411214953271028,100-300,2008-08-02,2008-08-02,0.032546296296296295
323,98,3.173469387755102,50-100,2015-01-30,2015-01-30,0.010127314814814815
324,21,3.142857142857143,20-50,2000-11-22,2000-11-22,0.0036226851851851854
325,270,3.5444444444444443,100-300,2002-12-09,2002-12-09,0.050520833333333334
326,152,4.016447368421052,100-300,2011-11-25,2016-05-22,1639.888900462963
327,48,4.104166666666667,20-50,2009-02-16,2009-02-16,0.03293981481481482
328,255,3.2254901960784315,100-300,2017-05-08,2017-05-08,0.06133101851851852
329,23,2.869565217391304,20-50,2018-04-11,2018-04-11,0.0024652777777777776
330,247,3.6902834008097165,100-300,2010-10-01,2010-11-04,33.959456018518516
331,168,3.6279761904761907,100-300,2018-09-17,2018-09-18,0.9014351851851852
332,267,3.599250936329588,100-300,2012-11-11,2012-11-11,0.04190972222222222
333,25,2.64,20-50,2000-08-07,2000-08-07,0.0044675925925925924
334,154,3.418831168831169,100-300,2008-10-31,2012-12-08,1498.9245833333334
335,28,3.6785714285714284,20-50,2009-12-23,2009-12-23,0.013530092592592592
336,56,4.321428571428571,50-100,2005-07-05,2006-02-04,213.88078703703704
337,77,4.207792207792208,50-100,1997-04-05,1997-04-05,0.005138888888888889
338,39,2.9358974358974357,20-50,2018-06-28,2018-06-28,0.0021064814814814813
339,371,4.070080862533692,300+,2016-04-09,2017-10-11,550.6725578703704
340,28,4.214285714285714,20-50,1996-11-22,1996-11-22,0.0025925925925925925
341,52,3.798076923076923,50-100,2015-08-16,2018-03-27,953.9780092592592
342,66,2.9393939393939394,50-100,2003-01-17,2003-01-17,0.01292824074074074
343,59,4.059322033898305,50-100,2008-02-03,2008-02-03,0.013796296296296296
344,69,3.7681159420289854,50-100,2015-01-05,2015-01-05,0.02582175925925926
345,62,3.903225806451613,50-100,2012-07-20,2012-07-21,0.026504629629629628
346,164,3.682926829268293,100-300,2004-09-08,2007-02-28,903.3274768518519
347,45,3.5555555555555554,20-50,1996-11-10,1996-11-10,0.0051967592592592595
348,55,4.672727272727273,50-100,2013-09-10,2013-09-10,0.01980324074074074
349,37,3.72972972972973,20-50,1996-06-14,1996-06-14,0.01244212962962963
350,40,3.25,20-50,1997-05-29,1997-05-29,0.004293981481481481
351,141,3.6666666666666665,100-300,2012-01-07,2012-03-29,81.71045138888888
352,294,3.7806122448979593,100-300,2017-05-01,2017-05-13,11.997314814814814
353,90,3.488888888888889,50-100,1996-05-12,1996-05-12,0.012233796296296296
354,226,3.734513274336283,100-300,2008-01-20,2008-01-21,1.0225578703703704
355,26,3.8846153846153846,20-50,2000-11-23,2000-11-23,0.013773148148148149
356,289,4.02076124567474,100-300,2008-11-30,2009-05-21,171.40373842592592
357,383,3.9569190600522193,300+,2012-09-25,2012-09-26,0.22065972222222222
358,41,3.2560975609756095,20-50,2012-06-12,2012-06-13,0.08568287037037037
359,74,3.418918918918919,50-100,2007-10-16,2007-12-20,64.99222222222222
360,25,3.36,20-50,1998-01-17,1998-01-17,0.005613425925925926
361,97,3.1804123711340204,50-100,2008-02-26,2008-02-26,0.08921296296296297
362,109,4.243119266055046,100-300,2018-07-03,2018-07-21,18.263506944444444
363,30,3.3,20-50,2017-08-13,2017-08-13,0.0027314814814814814
364,21,4.190476190476191,20-50,1997-07-21,1997-07-21,0.005046296296296296
365,277,2.7509025270758123,100-300,2017-03-01,2017-04-01,31.896747685185186
366,31,3.9516129032258065,20-50,2015-10-22,2015-10-22,0.002534722222222222
367,185,3.8594594594594596,100-300,2001-08-14,2001-08-14,0.03929398148148148
368,469,2.8422174840085286,300+,2000-10-11,2000-12-03,52.74710648148148
369,129,3.391472868217054,100-300,2009-03-12,2009-03-15,2.926273148148148
370,93,3.5483870967741935,50-100,2006-09-25,2006-09-27,1.8051041666666667
371,41,4.548780487804878,20-50,2014-08-10,2014-08-10,0.015370370370370371
372,236,3.3559322033898304,100-300,1997-09-16,1997-09-16,0.03280092592592593
373,100,3.19,100-300,1996-11-01,1996-11-01,0.008055555555555555
374,33,3.6363636363636362,20-50,1996-11-27,1996-11-27,0.0042361111111111115
375,33,3.909090909090909,20-50,2008-10-28,2008-10-29,0.9751388888888889
376,133,4.06390977443609,100-300,2013-04-02,2013-04-03,0.7225925925925926
377,131,3.9122137404580153,100-300,2012-06-22,2012-06-22,0.06747685185185186
378,48,4.0,20-50,2015-10-20,2015-10-20,0.023854166666666666
379,36,3.388888888888889,20-50,1996-11-07,1996-11-07,0.004108796296296296
380,1218,3.6732348111658455,300+,2017-04-28,2018-09-15,504.8708564814815
381,474,3.542194092827004,300+,2006-11-24,2010-07-11,1324.3885763888889
382,291,3.508591065292096,100-300,2018-01-05,2018-01-06,1.1737037037037037
383,34,3.7941176470588234,20-50,1999-11-25,1999-11-25,0.025555555555555557
384,70,3.085714285714286,50-100,2001-06-26,2001-08-04,39.05186342592592
385,201,3.4029850746268657,100-300,1996-06-13,1997-06-23,374.9480439814815
386,68,2.75,50-100,1996-09-13,1996-09-13,0.04482638888888889
387,1027,3.2585199610516065,300+,2004-09-10,2009-11-06,1882.951712962963
388,29,3.6206896551724137,20-50,2013-12-10,2013-12-10,0.05778935185185185
389,34,4.117647058823529,20-50,1997-03-09,1997-03-09,0.004386574074074074
390,81,3.8395061728395063,50-100,2009-08-14,2009-08-15,0.7900810185185185
391,386,3.715025906735751,300+,2002-08-31,2002-11-16,77.05836805555556
392,25,3.2,20-50,2002-07-24,2002-07-24,0.003298611111111111
393,123,3.841463414634146,100-300,2015-05-01,2015-05-01,0.02246527777777778
394,23,2.9565217391304346,20-50,1996-08-02,1996-08-02,0.005821759259259259
395,61,3.0491803278688523,50-100,1996-08-31,1996-08-31,0.024930555555555556
396,28,3.142857142857143,20-50,2005-03-24,2005-03-24,0.0020486111111111113
397,23,3.9565217391304346,20-50,2007-06-16,2007-06-16,0.011608796296296296
398,46,4.25,20-50,2011-07-21,2011-07-24,3.7512037037037036
399,36,3.9444444444444446,20-50,2006-12-27,2006-12-27,0.022847222222222224
400,43,4.511627906976744,20-50,2017-07-01,2017-07-01,0.004270833333333333
401,72,3.5277777777777777,50-100,2017-11-12,2018-01-14,63.1153125
402,48,3.8541666666666665,20-50,1996-12-03,1997-01-06,34.191122685185185
403,34,3.764705882352941,20-50,2008-10-29,2008-10-29,0.004027777777777778
404,60,3.4,50-100,1996-07-26,1996-07-26,0.007511574074074074
405,120,4.008333333333334,100-300,2011-01-24,2011-05-04,100.03570601851852
406,20,3.25,20-50,2011-02-06,2011-02-06,0.002777777777777778
407,22,4.113636363636363,20-50,2015-02-19,2015-02-19,0.005462962962962963
408,141,4.092198581560283,100-300,2016-07-01,2017-03-17,259.6334259259259
409,126,3.8412698412698414,100-300,2000-09-02,2000-10-14,42.05456018518519
410,167,4.059880239520958,100-300,2001-05-24,2001-05-26,2.117037037037037
411,127,3.2598425196850394,100-300,1996-06-23,1996-06-23,0.01951388888888889
412,102,3.892156862745098,100-300,1999-10-05,1999-10-10,5.202164351851851
413,56,4.410714285714286,50-100,2017-01-15,2017-01-15,0.009733796296296296
414,2698,3.391957005189029,300+,2000-06-19,2018-06-02,6557.197407407408
415,94,4.085106382978723,50-100,2013-10-22,2013-10-22,0.012534722222222221
416,51,3.0686274509803924,50-100,2007-08-19,2007-08-19,0.03777777777777778
417,67,4.462686567164179,50-100,2018-06-18,2018-09-14,88.09137731481482
418,93,3.639784946236559,50-100,2016-04-28,2016-06-13,45.92211805555556
419,155,3.803225806451613,100-300,2011-10-11,2013-07-04,632.3802893518518
420,141,3.8226950354609928,100-300,2008-08-06,2008-12-20,136.18592592592591
421,37,4.108108108108108,20-50,2011-07-24,2011-07-24,0.08732638888888888
422,93,3.3225806451612905,50-100,2001-04-02,2002-01-06,279.02550925925925
423,23,3.717391304347826,20-50,2006-08-11,2006-08-11,0.005104166666666667
424,138,3.6739130434782608,100-300,2016-03-13,2016-10-21,221.84912037037037
425,306,3.5326797385620914,300+,2004-05-25,2010-08-09,2266.683912037037
426,88,3.6818181818181817,50-100,2015-12-25,2015-12-27,1.2433680555555555
427,84,3.1011904761904763,50-100,2003-05-16,2003-05-16,0.033587962962962965
428,300,2.64,300+,2005-03-22,2005-03-24,1.5922106481481482
429,58,3.9827586206896552,50-100,1996-03-29,1996-03-29,0.0017013888888888888
430,58,3.7413793103448274,50-100,2000-07-07,2009-03-09,3167.4596296296295
431,20,2.725,20-50,2010-02-24,2010-02-24,0.0009953703703703704
432,260,3.646153846153846,100-300,2011-09-05,2012-04-23,230.31449074074075
433,22,3.772727272727273,20-50,2017-10-01,2017-10-01,0.002939814814814815
434,233,3.781115879828326,100-300,2010-04-07,2010-04-18,11.275011574074075
435,42,4.321428571428571,20-50,2013-04-23,2013-04-23,0.027604166666666666
436,106,3.1792452830188678,100-300,1996-05-31,1996-05-31,0.03048611111111111
437,122,3.80327868852459,100-300,1997-03-30,1997-03-30,0.014733796296296297
438,635,3.3551181102362206,300+,2005-01-13,2007-04-08,814.2240625
439,21,4.119047619047619,20-50,2015-07-15,2015-07-15,0.003738425925925926
440,33,3.893939393939394,20-50,2009-03-20,2009-03-20,0.0059375
441,45,4.522222222222222,20-50,2015-12-02,2015-12-26,24.273912037037036
442,20,1.275,20-50,2012-03-12,2012-03-12,0.0014583333333333334
443,37,4.121621621621622,20-50,2015-01-02,2017-08-03,943.1298842592593
444,42,3.8095238095238093,20-50,1996-05-21,1996-08-06,76.89434027777777
445,77,3.857142857142857,50-100,2016-02-04,2016-02-04,0.006412037037037037
446,84,3.2142857142857144,50-100,1996-09-27,1996-09-27,0.005462962962962963
447,78,3.871794871794872,50-100,1996-07-10,1996-07-10,0.024224537037037037
448,1864,2.8473712446351933,300+,2002-04-18,2017-07-09,5561.306053240741
449,38,3.289473684210526,20-50,2003-05-17,2003-05-17,0.015162037037037036
450,51,4.0,50-100,2000-11-20,2000-11-20,0.01747685185185185
451,34,3.7941176470588234,20-50,1997-01-24,1997-01-26,2.2683796296296297
452,202,4.556930693069307,100-300,2002-02-11,2003-08-19,554.7810648148148
453,311,3.942122186495177,300+,2000-10-27,2002-12-23,787.0417708333333
454,45,3.7666666666666666,20-50,2010-07-18,2010-09-18,61.63771990740741
455,57,3.456140350877193,50-100,1996-07-03,1996-07-03,0.007997685185185186
456,43,3.813953488372093,20-50,1997-02-25,1997-02-25,0.005115740740740741
457,50,3.46,50-100,2001-06-27,2001-06-27,0.00818287037037037
458,59,4.1525423728813555,50-100,1996-10-18,1996-10-18,0.01761574074074074
459,26,4.346153846153846,20-50,2018-03-05,2018-03-05,0.012650462962962962
460,82,4.201219512195122,50-100,2013-01-26,2013-01-26,0.028113425925925927
461,27,2.9444444444444446,20-50,2017-09-20,2017-09-20,0.0030092592592592593
462,455,3.4065934065934065,300+,2005-07-21,2018-09-09,4797.990439814815
463,33,3.787878787878788,20-50,2006-04-19,2006-04-19,0.013344907407407408
464,138,3.753623188405797,100-300,2010-06-03,2012-01-03,579.2525347222222
465,115,4.156521739130435,100-300,2000-06-01,2000-06-01,0.013796296296296296
466,113,3.9292035398230087,100-300,2015-08-18,2015-08-18,0.35875
467,22,3.409090909090909,20-50,1999-02-22,1999-02-22,0.02267361111111111
468,33,3.393939393939394,20-50,1996-05-06,1996-05-06,0.0016203703703703703
469,465,3.6731182795698927,300+,2000-08-03,2000-08-09,5.938506944444445
470,80,3.5125,50-100,1996-11-27,1996-12-06,8.895625
471,28,3.875,20-50,2017-06-05,2017-06-05,0.035069444444444445
472,29,4.120689655172414,20-50,2012-08-24,2012-08-24,0.00681712962962963
473,37,3.418918918918919,20-50,2007-01-21,2007-01-21,0.017106481481481483
474,2108,3.398956356736243,300+,2000-11-19,2009-03-29,3051.9013425925928
475,155,4.409677419354839,100-300,2017-06-21,2017-06-21,0.02982638888888889
476,69,3.681159420289855,50-100,1996-06-17,1996-06-17,0.014479166666666666
477,600,3.736666666666667,300+,2008-01-21,2011-03-19,1153.1209143518518
478,22,2.8181818181818183,20-50,2005-07-15,2005-07-15,0.0033449074074074076
479,181,3.320441988950276,100-300,2002-12-08,2002-12-09,0.37042824074074077
480,836,3.27511961722488,300+,2007-05-14,2007-06-21,38.06475694444445
481,31,2.806451612903226,20-50,1998-01-14,1998-05-22,128.14200231481482
482,128,3.40625,100-300,2005-01-10,2005-01-10,0.017395833333333333
483,728,3.618818681318681,300+,2007-05-03,2014-11-16,2753.7482870370372
484,275,3.8145454545454545,100-300,2012-07-14,2012-07-26,12.106493055555555
485,23,3.869565217391304,20-50,1996-07-21,1996-07-21,0.0019560185185185184
486,56,4.017857142857143,50-100,1996-08-08,1996-08-08,0.005231481481481481
487,56,3.142857142857143,50-100,2015-04-09,2015-04-18,8.952754629629629
488,111,3.8828828828828827,100-300,2005-04-01,2005-04-01,0.011828703703703704
489,648,3.017746913580247,300+,2012-03-25,2013-11-30,614.8104861111111
490,113,3.15929203539823,100-300,2011-12-20,2012-04-20,122.34064814814815
491,64,4.15625,50-100,2018-04-01,2018-07-12,102.15802083333334
492,121,3.8677685950413223,100-300,1997-05-18,1997-05-18,0.01853009259259259
493,61,3.6885245901639343,50-100,2001-09-27,2001-09-27,0.006851851851851852
494,22,4.2272727272727275,20-50,2001-09-13,2001-09-28,14.84488425925926
495,265,4.009433962264151,100-300,2016-03-22,2016-03-22,0.029895833333333333
496,29,3.413793103448276,20-50,2014-11-05,2014-11-09,4.116145833333333
497,51,3.5686274509803924,50-100,2015-04-15,2015-05-23,38.0878125
498,35,4.057142857142857,20-50,1996-08-04,1996-08-04,0.005567129629629629
499,27,3.8333333333333335,20-50,2010-11-17,2010-11-17,0.008101851851851851
500,86,3.244186046511628,50-100,2001-11-12,2001-11-12,0.012106481481481482
501,45,3.2,20-50,1996-10-10,1996-10-10,0.01255787037037037
502,35,3.4285714285714284,20-50,2005-03-25,2005-03-25,0.00982638888888889
503,95,3.3421052631578947,50-100,2012-04-23,2012-04-24,0.21438657407407408
504,87,3.82183908045977,50-100,2003-09-15,2004-02-27,165.10293981481482
505,31,4.17741935483871,20-50,2011-02-27,2011-02-27,0.009583333333333333
506,42,3.261904761904762,20-50,2015-02-21,2015-02-21,0.009976851851851851
507,21,3.380952380952381,20-50,1996-08-02,1996-08-02,0.0025
508,24,2.1458333333333335,20-50,2010-03-11,2010-03-11,0.011631944444444445
509,467,3.21627408993576,300+,2015-07-04,2015-10-07,95.64050925925926
510,108,2.9027777777777777,100-300,2006-02-28,2006-02-28,0.022118055555555554
511,52,4.125,50-100,2015-12-14,2018-03-27,834.0517361111112
512,50,3.78,50-100,1996-08-30,1996-08-31,0.0050347222222222225
513,32,3.890625,20-50,2006-10-04,2006-10-04,0.004803240740740741
514,397,3.3110831234256928,300+,2018-08-10,2018-09-24,45.46118055555556
515,26,4.846153846153846,20-50,2017-12-18,2017-12-19,0.88375
516,26,3.6923076923076925,20-50,2001-07-08,2001-07-08,0.006122685185185185
517,400,2.38625,300+,2017-02-24,2017-04-16,50.77136574074074
518,24,3.5416666666666665,20-50,2003-06-29,2003-06-29,0.0035416666666666665
519,26,4.326923076923077,20-50,2018-02-11,2018-04-01,48.30228009259259
520,186,3.881720430107527,100-300,2012-01-15,2012-01-16,0.9311458333333333
521,40,3.6,20-50,1997-01-08,1997-01-08,0.004756944444444445
522,200,3.83,100-300,2009-09-19,2015-12-10,2273.019085648148
523,75,4.693333333333333,50-100,2017-08-19,2017-10-14,56.27525462962963
524,131,3.4580152671755724,100-300,1996-12-26,1997-01-04,9.218136574074075
525,500,3.542,300+,2016-10-14,2016-10-14,0.07863425925925926
526,58,4.189655172413793,50-100,2017-08-07,2017-08-07,0.0815162037037037
527,167,4.119760479041916,100-300,2002-09-28,2002-09-28,0.03640046296296296
528,73,3.4726027397260273,50-100,2014-02-07,2014-02-07,0.029594907407407407
529,25,3.2,20-50,1997-02-10,1997-02-10,0.0035185185185185185
530,27,3.7777777777777777,20-50,1996-09-20,1996-09-20,0.0059953703703703705
531,22,3.772727272727273,20-50,2002-09-25,2002-09-25,0.004675925925925926
532,50,4.28,50-100,2002-07-01,2002-07-02,0.5489236111111111
533,38,4.381578947368421,20-50,2015-02-24,2015-02-24,0.007743055555555556
534,520,3.8048076923076923,300+,2016-04-04,2017-02-16,318.1701967592593
535,30,2.6666666666666665,20-50,1999-10-04,1999-10-04,0.01855324074074074
536,40,3.4,20-50,1996-05-23,1996-05-23,0.010914351851851852
537,47,4.0638297872340425,20-50,2015-02-17,2016-04-01,409.332650462963
538,37,4.472972972972973,20-50,2011-06-12,2011-06-12,0.022650462962962963
539,38,3.8026315789473686,20-50,2012-03-23,2012-03-23,0.010138888888888888
540,42,4.0,20-50,2007-05-14,2007-05-28,14.151064814814815
541,87,3.3908045977011496,50-100,1996-06-24,1996-06-24,0.028425925925925927
542,113,3.5088495575221237,100-300,2006-11-13,2006-11-13,0.028217592592592593
543,76,4.453947368421052,50-100,2008-12-30,2014-08-23,2062.585925925926
544,22,4.363636363636363,20-50,1996-12-15,1996-12-15,0.002766203703703704
545,23,3.369565217391304,20-50,2009-04-21,2009-04-22,0.022743055555555555
546,64,3.4375,50-100,2000-11-07,2000-11-07,0.0059375
547,21,4.142857142857143,20-50,1999-11-16,1999-11-16,0.008090277777777778
548,26,4.096153846153846,20-50,2017-02-28,2017-05-15,76.8184375
549,21,3.6666666666666665,20-50,2016-05-26,2016-05-26,0.0019212962962962964
550,28,4.107142857142857,20-50,2017-03-04,2017-03-05,1.1421180555555555
551,123,3.7154471544715446,100-300,2017-09-02,2017-09-23,20.97980324074074
552,188,3.11968085106383,100-300,2005-03-22,2005-03-30,7.854201388888889
553,83,4.337349397590361,50-100,2008-08-24,2009-01-01,129.86238425925927
554,89,4.0,50-100,1999-12-11,1999-12-11,0.05929398148148148
555,578,3.4550173010380623,300+,2001-01-06,2001-01-22,15.996747685185186
556,32,4.078125,20-50,2018-08-15,2018-08-15,0.004074074074074074
557,27,3.8518518518518516,20-50,2016-01-14,2016-01-22,7.7624305555555555
558,56,3.9285714285714284,50-100,2002-10-23,2002-10-23,0.012800925925925926
559,140,3.2857142857142856,100-300,1996-10-16,1997-07-07,263.9056597222222
560,458,3.567685589519651,300+,2016-07-27,2016-11-01,97.15015046296297
561,505,3.372277227722772,300+,2017-04-01,2017-04-02,0.059270833333333335
562,231,4.093073593073593,100-300,2013-05-18,2013-05-18,0.0811111111111111
563,213,3.300469483568075,100-300,2015-08-18,2015-12-21,124.94622685185185
564,157,3.5796178343949046,100-300,2016-11-06,2016-12-15,38.96409722222222
565,29,3.6551724137931036,20-50,1996-10-28,1996-10-28,0.0031944444444444446
566,74,3.5405405405405403,50-100,1996-11-26,1996-11-26,0.04346064814814815
567,385,2.2454545454545456,300+,2018-05-02,2018-05-03,1.0710763888888888
568,23,4.130434782608695,20-50,2009-05-29,2009-09-24,117.9571875
569,20,4.0,20-50,1996-11-28,1996-11-28,0.0017592592592592592
570,191,3.4162303664921465,100-300,2007-06-10,2007-06-11,0.9280208333333333
571,112,2.5714285714285716,100-300,2000-08-21,2000-08-21,0.017002314814814814
572,155,4.122580645161291,100-300,1999-12-22,2001-01-19,393.95016203703705
573,299,4.212374581939799,100-300,2007-08-08,2014-11-11,2651.4737847222223
574,23,3.9565217391304346,20-50,1996-06-13,1996-06-13,0.0016666666666666668
575,36,3.1666666666666665,20-50,1999-05-12,1999-05-12,0.005358796296296296
576,20,3.1,20-50,2013-01-14,2013-01-14,0.0007175925925925926
577,161,3.5652173913043477,100-300,1999-12-23,1999-12-23,0.15891203703703705
578,27,3.962962962962963,20-50,2011-03-24,2011-03-24,0.08486111111111111
579,73,3.9726027397260273,50-100,2000-05-21,2000-12-21,213.96653935185185
580,436,3.529816513761468,300+,2007-01-01,2008-06-01,517.0095949074074
581,40,4.375,20-50,2015-11-08,2015-11-08,0.004710648148148148
582,56,4.026785714285714,50-100,2015-11-06,2016-05-17,193.07486111111112
583,56,3.294642857142857,50-100,2016-12-11,2016-12-11,0.005115740740740741
584,83,4.108433734939759,50-100,1996-06-17,1996-06-17,0.015289351851851853
585,61,4.336065573770492,50-100,2011-06-07,2011-06-09,1.9167939814814814
586,208,4.365384615384615,100-300,2018-06-25,2018-06-25,0.05238425925925926
587,165,3.9757575757575756,100-300,2000-03-15,2000-03-15,0.06199074074074074
588,56,3.25,50-100,1996-08-06,1996-08-06,0.01758101851851852
589,40,4.025,20-50,1997-02-15,1997-02-15,0.08445601851851851
590,728,3.355769230769231,300+,2009-11-16,2011-02-16,456.1965625
591,54,3.2777777777777777,50-100,2000-10-02,2000-10-21,18.07982638888889
592,94,3.5851063829787235,50-100,1996-07-14,1996-07-14,0.05334490740740741
593,103,3.266990291262136,100-300,2007-06-05,2007-06-05,0.019710648148148147
594,232,3.9245689655172415,100-300,2005-02-19,2006-01-30,344.7817708333333
595,20,4.2,20-50,1999-10-01,1999-10-02,0.7239699074074074
596,411,3.495133819951338,300+,2018-08-30,2018-09-01,2.418622685185185
597,443,3.9774266365688487,300+,1999-10-19,1999-11-05,16.827430555555555
598,21,3.8095238095238093,20-50,2015-05-03,2015-05-03,0.0032175925925925926
599,2478,2.6420500403551253,300+,2017-06-26,2018-02-25,244.23623842592593
600,763,2.991480996068152,300+,2009-03-22,2009-03-24,1.7552893518518518
601,101,4.425742574257426,100-300,2015-09-07,2018-03-19,923.9432175925926
602,135,3.3925925925925924,100-300,1996-08-24,1996-08-24,0.014722222222222222
603,943,3.5079533404029695,300+,2000-03-24,2001-10-06,561.1
604,100,3.48,100-300,1996-05-14,1996-05-14,0.015775462962962963
605,221,3.2104072398190047,100-300,2010-06-21,2010-06-22,0.9519444444444445
606,1115,3.6573991031390136,300+,2007-02-11,2013-05-13,2282.7746643518517
607,187,3.786096256684492,100-300,2000-07-08,2001-08-15,402.4189236111111
608,831,3.1341756919374246,300+,2005-05-27,2007-09-12,837.988275462963
609,37,3.27027027027027,20-50,1996-11-05,1996-11-05,0.0032175925925925926
610,1302,3.6885560675883258,300+,2016-11-19,2017-05-28,190.01675925925926
