model,true_rating,mean_predicted_rating,n_ratings
bias,0.5,2.8418913228781957,372
bias,1.0,3.0489065954259993,641
bias,1.5,2.954940516567375,439
bias,2.0,3.0850266233230044,1567
bias,2.5,3.173766040352195,1103
bias,3.0,3.352745370288967,3854
bias,3.5,3.4621326457003683,2932
bias,4.0,3.6175444078322423,5244
bias,4.5,3.7371234963282096,1864
bias,5.0,3.8752059365354232,2401
mf,0.5,2.612884178014316,372
mf,1.0,2.872320687779612,641
mf,1.5,2.7877179843517306,439
mf,2.0,2.941001731526941,1567
mf,2.5,3.065499649213343,1103
mf,3.0,3.306384619320797,3854
mf,3.5,3.462396854015988,2932
mf,4.0,3.662691173263399,5244
mf,4.5,3.8237457843783,1864
mf,5.0,3.98541581657526,2401
