model,bucket_type,bucket,rmse,ndcg
bias,user_activity,20-50,0.9473906168893038,0.04099786126940014
hybrid,user_activity,20-50,,0.09475336485600462
hybrid_stack,user_activity,20-50,0.936938633348612,
item_knn,user_activity,20-50,0.93517620210018,0.09035618682384249
mf,user_activity,20-50,0.9388517036096129,0.016734621736753275
user_knn,user_activity,20-50,0.9361491215948133,0.08308303523591265
bias,user_activity,50-100,0.9320742628323638,0.0399112455450226
hybrid,user_activity,50-100,,0.09913854503746507
hybrid_stack,user_activity,50-100,0.9123551372009929,
item_knn,user_activity,50-100,0.9178209151651204,0.07782847875538726
mf,user_activity,50-100,0.9143215517148027,0.021702642324871818
user_knn,user_activity,50-100,0.9211931120016168,0.07207746478757733
bias,user_activity,100-300,0.9001191237659305,0.05911858612541924
hybrid,user_activity,100-300,,0.12346903989795745
hybrid_stack,user_activity,100-300,0.87595469213731,
item_knn,user_activity,100-300,0.8730208559215985,0.11569537845481616
mf,user_activity,100-300,0.8789448285844486,0.04731064484438122
user_knn,user_activity,100-300,0.8858978922506813,0.0949731206353518
bias,user_activity,300+,0.887144891781882,0.1360843996320867
hybrid,user_activity,300+,,0.24708794720833507
hybrid_stack,user_activity,300+,0.8518249313103016,
item_knn,user_activity,300+,0.8619944676037777,0.20674413548391543
mf,user_activity,300+,0.8557915337295975,0.12912480591941322
user_knn,user_activity,300+,0.8641385314694028,0.16654425865785583
bias,item_popularity,0,1.0238380290830322,
item_knn,item_popularity,0,1.0238380290830322,
user_knn,item_popularity,0,1.0238380290830322,
mf,item_popularity,0,1.0003792414875374,
hybrid_stack,item_popularity,0,1.0014169046250057,
bias,item_popularity,1-5,0.9355851664939224,
item_knn,item_popularity,1-5,0.9226801580112864,
user_knn,item_popularity,1-5,0.9136078596796323,
mf,item_popularity,1-5,0.899870947596273,
hybrid_stack,item_popularity,1-5,0.8985785881240914,
bias,item_popularity,6-20,0.8700655242847265,
item_knn,item_popularity,6-20,0.8521734890991124,
user_knn,item_popularity,6-20,0.8574017800611261,
mf,item_popularity,6-20,0.8538867347748943,
hybrid_stack,item_popularity,6-20,0.8498798375883208,
bias,item_popularity,21-100,0.8925730164325567,
item_knn,item_popularity,21-100,0.8578752127546755,
user_knn,item_popularity,21-100,0.8709636198539815,
mf,item_popularity,21-100,0.8683349915711377,
hybrid_stack,item_popularity,21-100,0.8639374257692656,
bias,item_popularity,100+,0.8587518304385313,
item_knn,item_popularity,100+,0.821034314552713,
user_knn,item_popularity,100+,0.8334280264688352,
mf,item_popularity,100+,0.8351931636518855,
hybrid_stack,item_popularity,100+,0.8298635078881584,
bias,genre,Action,0.9306313640650373,
mf,genre,Action,0.8954100397686074,
bias,genre,Adventure,0.9079418784077677,
mf,genre,Adventure,0.8815027702414281,
bias,genre,Animation,0.9163701308471789,
mf,genre,Animation,0.9042255508260433,
bias,genre,Children,0.9358105213277732,
mf,genre,Children,0.9050311277794929,
bias,genre,Comedy,0.9350415203576734,
mf,genre,Comedy,0.9110247336448113,
bias,genre,Crime,0.8475028815231959,
mf,genre,Crime,0.822479024614718,
bias,genre,Documentary,0.7720786369961685,
mf,genre,Documentary,0.7854598367621538,
bias,genre,Drama,0.8575458755161172,
mf,genre,Drama,0.8427059188315497,
bias,genre,Fantasy,0.9189748079359455,
mf,genre,Fantasy,0.8937776581376545,
bias,genre,Film-Noir,0.8622788385412092,
mf,genre,Film-Noir,0.8637505767518113,
bias,genre,Horror,0.9725653625243695,
mf,genre,Horror,0.9300181509538672,
bias,genre,IMAX,0.8994742636504705,
mf,genre,IMAX,0.8787028977378497,
bias,genre,Musical,0.8838422914285964,
mf,genre,Musical,0.884345908531109,
bias,genre,Mystery,0.8687516308370936,
mf,genre,Mystery,0.8443225223036854,
bias,genre,Romance,0.8859828016569349,
mf,genre,Romance,0.8689242131979927,
bias,genre,Sci-Fi,0.9426295988561035,
mf,genre,Sci-Fi,0.9157688084520317,
bias,genre,Thriller,0.887169585081512,
mf,genre,Thriller,0.8572596502486111,
bias,genre,War,0.8212854515984108,
mf,genre,War,0.7992491245884612,
bias,genre,Western,0.861154867550494,
mf,genre,Western,0.8580548357391719,
