model,RMSE,MAE,P@10,R@10,NDCG@10,MAP@10,Coverage,Novelty
bias,0.904377191012268,0.6985596343536924,0.04442567567567567,0.03235768620891032,0.05549880411737275,0.024768592997759666,0.005337712995278177,9.415865309536951
content,,,0.05304054054054054,0.05181802176175854,0.06935254730920758,0.030733808851368376,0.056251283104085406,9.185107382340812
hybrid,,,0.09222972972972972,0.08157299511557552,0.11956110127350832,0.062204248253355396,0.04824471361116814,9.194514046281466
hybrid_stack,0.8766943952934605,0.6745660868901927,,,,,,
item_knn,0.8811141176472936,0.6736517863905375,0.07601351351351351,0.06976050749617337,0.1048595436590938,0.05347828855641355,0.08858550605625129,9.964669748480691
item_knn_implicit,,,0.0954391891891892,0.08374737590298831,0.12312852426517829,0.06303360625719256,0.05501950318209813,9.50213238237368
mf,0.8799454928346007,0.6754182869229652,0.02888513513513514,0.015356680987141371,0.036976983066320156,0.017258110044568377,0.02843358653253952,11.784193092623369
mf_ndcg,,,0.02820945945945946,0.015382938803685008,0.035998929385483554,0.01600672659266409,0.025148840073906796,10.95911881003416
popularity_bayes,,,0.05,0.038407002631408546,0.06249892489884648,0.028475422967610464,0.00585095462943954,9.171920398426284
popularity_count,,,0.05760135135135137,0.0483041808132759,0.07505882590806094,0.03598339198041579,0.010059536029562718,8.571413723094071
random,,,0.0015202702702702704,0.0012040545099755626,0.001667048615153673,0.0005058183183183183,0.45185793471566416,18.531039135178133
user_knn,0.8865962690579076,0.6796888233239831,0.06993243243243243,0.06635565155916365,0.09101449146249625,0.04219125481774291,0.08129747485115993,10.037991595989569
user_knn_implicit,,,0.08581081081081081,0.07995853603688863,0.10698289094375152,0.053603982117747,0.021556148634777252,8.824691624308704
