model,stage,k,shrink,damp,mode,similarity,rmse,mae,precision@10,recall@10,ndcg@10,map@10,coverage,novelty,users_evaluated,params
item_knn,grid,10,0,1.0,residual,residual,0.882792153415807,0.677211933054342,0.007942238267148015,0.01979533132447826,0.014730939357287228,0.0065983444119725706,0.1867173065079039,13.957975999589639,554,"{""damp"": 1.0, ""k"": 10, ""mode"": ""residual"", ""shrink"": 0, ""similarity"": ""residual""}"
item_knn,grid,10,10,1.0,residual,residual,0.8763546042794866,0.6708883658029915,0.02653429602888087,0.05341500352656795,0.04778160173956379,0.025327500334269285,0.15212482036542804,10.909869873832418,554,"{""damp"": 1.0, ""k"": 10, ""mode"": ""residual"", ""shrink"": 10, ""similarity"": ""residual""}"
item_knn,grid,10,25,1.0,residual,residual,0.8766847294136499,0.671265114807138,0.032310469314079424,0.06709474403150412,0.058736258794842684,0.0305240592025017,0.11712174091562308,10.428712792332098,554,"{""damp"": 1.0, ""k"": 10, ""mode"": ""residual"", ""shrink"": 25, ""similarity"": ""residual""}"
item_knn,grid,10,50,1.0,residual,residual,0.8781963830753458,0.6730951671705611,0.035920577617328524,0.07369314854093754,0.06488460399894547,0.03339393157985216,0.10028741531513036,10.148622209586174,554,"{""damp"": 1.0, ""k"": 10, ""mode"": ""residual"", ""shrink"": 50, ""similarity"": ""residual""}"
item_knn,grid,10,100,1.0,residual,residual,0.88023833796087,0.6753288110187137,0.03664259927797834,0.07508010320997205,0.06770253338865667,0.03598646959786723,0.09033052761239992,9.95040894190108,554,"{""damp"": 1.0, ""k"": 10, ""mode"": ""residual"", ""shrink"": 100, ""similarity"": ""residual""}"
item_knn,grid,20,0,1.0,residual,residual,0.8831893314379371,0.6774259916399723,0.0057761732851985565,0.014738615525748898,0.01211140232861384,0.005712041334785017,0.2022172038595771,14.377502875117331,554,"{""damp"": 1.0, ""k"": 20, ""mode"": ""residual"", ""shrink"": 0, ""similarity"": ""residual""}"
item_knn,grid,20,10,1.0,residual,residual,0.872917083775906,0.6675896120815045,0.026173285198555957,0.05482735763874345,0.04728561832450037,0.024259211506503925,0.14904537056045986,10.875334423476195,554,"{""damp"": 1.0, ""k"": 20, ""mode"": ""residual"", ""shrink"": 10, ""similarity"": ""residual""}"
item_knn,grid,20,25,1.0,residual,residual,0.8740996257665964,0.6689458067234543,0.029602888086642604,0.05993571198226988,0.05533013873469378,0.028969047005083626,0.11578731266680353,10.412676300455114,554,"{""damp"": 1.0, ""k"": 20, ""mode"": ""residual"", ""shrink"": 25, ""similarity"": ""residual""}"
item_knn,grid,20,50,1.0,residual,residual,0.8763062776933228,0.671080463810672,0.03483754512635379,0.06870764371603341,0.06248119519319738,0.03307363793224202,0.09700266885649764,10.118809485745738,554,"{""damp"": 1.0, ""k"": 20, ""mode"": ""residual"", ""shrink"": 50, ""similarity"": ""residual""}"
item_knn,grid,20,100,1.0,residual,residual,0.8788559305554093,0.6737913177473707,0.04043321299638989,0.07838549716653759,0.06926587046105516,0.036237697696407084,0.0870457811537672,9.913142559079386,554,"{""damp"": 1.0, ""k"": 20, ""mode"": ""residual"", ""shrink"": 100, ""similarity"": ""residual""}"
item_knn,grid,40,0,1.0,residual,residual,0.8809508876224987,0.6747573195640902,0.004151624548736463,0.010092673760228025,0.008698249881716361,0.004397384104062804,0.23085608704578114,14.705785932156802,554,"{""damp"": 1.0, ""k"": 40, ""mode"": ""residual"", ""shrink"": 0, ""similarity"": ""residual""}"
item_knn,grid,40,10,1.0,residual,residual,0.8704649139195261,0.6651092899310508,0.02364620938628159,0.05082829088687813,0.044668452698718275,0.02381699370482248,0.15171422705809895,10.904908231390989,554,"{""damp"": 1.0, ""k"": 40, ""mode"": ""residual"", ""shrink"": 10, ""similarity"": ""residual""}"
item_knn,grid,40,25,1.0,residual,residual,0.8718594918177133,0.6666301991143352,0.028700361010830327,0.057167418000950584,0.05199478005393016,0.02699014894766571,0.11804557585711353,10.42217176907643,554,"{""damp"": 1.0, ""k"": 40, ""mode"": ""residual"", ""shrink"": 25, ""similarity"": ""residual""}"
item_knn,grid,40,50,1.0,residual,residual,0.873954480159074,0.6688612283482028,0.03700361010830325,0.06962588746127786,0.06190596068529229,0.03151031817660879,0.0993635803736399,10.145886241450757,554,"{""damp"": 1.0, ""k"": 40, ""mode"": ""residual"", ""shrink"": 50, ""similarity"": ""residual""}"
item_knn,grid,40,100,1.0,residual,residual,0.8769355171475379,0.671970260045813,0.04061371841155235,0.07681798686339127,0.06808915563428497,0.03566417516665711,0.08838020940258674,9.940278694744421,554,"{""damp"": 1.0, ""k"": 40, ""mode"": ""residual"", ""shrink"": 100, ""similarity"": ""residual""}"
item_knn,grid,80,0,1.0,residual,residual,0.8785646935167499,0.6716951777752315,0.0036101083032490976,0.006764270969166627,0.0070278469184537375,0.0036341756919374244,0.2509751591049066,14.677470810202902,554,"{""damp"": 1.0, ""k"": 80, ""mode"": ""residual"", ""shrink"": 0, ""similarity"": ""residual""}"
item_knn,grid,80,10,1.0,residual,residual,0.8677712126758955,0.6622432465662694,0.019675090252707583,0.042148918275108416,0.03677182425975046,0.01948446978069206,0.16064463149250668,10.983285808316259,554,"{""damp"": 1.0, ""k"": 80, ""mode"": ""residual"", ""shrink"": 10, ""similarity"": ""residual""}"
item_knn,grid,80,25,1.0,residual,residual,0.8697893109753041,0.6647325013770067,0.026714801444043323,0.0536008284331378,0.05124501241547752,0.02844915764139591,0.12276739889139807,10.48424834599902,554,"{""damp"": 1.0, ""k"": 80, ""mode"": ""residual"", ""shrink"": 25, ""similarity"": ""residual""}"
item_knn,grid,80,50,1.0,residual,residual,0.8724234611826382,0.6675361138477082,0.03176895306859206,0.0603436854395478,0.05616411758535761,0.029510101072117573,0.103161568466434,10.19608816294199,554,"{""damp"": 1.0, ""k"": 80, ""mode"": ""residual"", ""shrink"": 50, ""similarity"": ""residual""}"
item_knn,grid,80,100,1.0,residual,residual,0.8756786386111481,0.6706733079249729,0.0388086642599278,0.07279565223649234,0.0660287684716074,0.03506263967680935,0.09104906590022582,9.988267781754192,554,"{""damp"": 1.0, ""k"": 80, ""mode"": ""residual"", ""shrink"": 100, ""similarity"": ""residual""}"
item_knn,grid,150,0,1.0,residual,residual,0.8735548308484271,0.666498333106481,0.0037906137184115524,0.007415863607908442,0.00639297974863221,0.0029196750902527077,0.29100800656949294,14.488229113152302,554,"{""damp"": 1.0, ""k"": 150, ""mode"": ""residual"", ""shrink"": 0, ""similarity"": ""residual""}"
item_knn,grid,150,10,1.0,residual,residual,0.8665070438475432,0.661307430019662,0.021660649819494584,0.040921525622770454,0.0362477383041835,0.01827138010238191,0.16793266269759802,11.062481704679724,554,"{""damp"": 1.0, ""k"": 150, ""mode"": ""residual"", ""shrink"": 10, ""similarity"": ""residual""}"
item_knn,grid,150,25,1.0,residual,residual,0.869010986662429,0.6636620097719371,0.02581227436823105,0.04802015162450749,0.043716102262589665,0.021892764024984242,0.13149250667214124,10.576788152768508,554,"{""damp"": 1.0, ""k"": 150, ""mode"": ""residual"", ""shrink"": 25, ""similarity"": ""residual""}"
item_knn,grid,150,50,1.0,residual,residual,0.8717794025043029,0.6665709888311953,0.03140794223826714,0.05747406471945665,0.053573217141200745,0.027489049269928584,0.10932046807637036,10.272273130856084,554,"{""damp"": 1.0, ""k"": 150, ""mode"": ""residual"", ""shrink"": 50, ""similarity"": ""residual""}"
item_knn,grid,150,100,1.0,residual,residual,0.8751214842681523,0.670009148455402,0.03501805054151625,0.06509183372465255,0.06157186434503752,0.03333332139514449,0.09484705399301992,10.030126887266752,554,"{""damp"": 1.0, ""k"": 150, ""mode"": ""residual"", ""shrink"": 100, ""similarity"": ""residual""}"
user_knn,grid,10,0,1.0,residual,residual,0.883521306898099,0.6779895337212316,0.019314079422382672,0.04314857673749535,0.03442614014203711,0.01663849254101962,0.12081708068158489,10.79857823009579,554,"{""damp"": 1.0, ""k"": 10, ""mode"": ""residual"", ""shrink"": 0, ""similarity"": ""residual""}"
user_knn,grid,10,10,1.0,residual,residual,0.8819868833430851,0.6763609077432658,0.023285198555956677,0.05121589758380847,0.040958331940494246,0.020089249899719212,0.11630055430096489,10.569200060685189,554,"{""damp"": 1.0, ""k"": 10, ""mode"": ""residual"", ""shrink"": 10, ""similarity"": ""residual""}"
user_knn,grid,10,25,1.0,residual,residual,0.8819537192007612,0.6764570736722121,0.025090252707581227,0.05250038635019172,0.042243556219399965,0.02025734812577257,0.11229726955450627,10.506923345247346,554,"{""damp"": 1.0, ""k"": 10, ""mode"": ""residual"", ""shrink"": 25, ""similarity"": ""residual""}"
user_knn,grid,10,50,1.0,residual,residual,0.8824954551146976,0.6771125140493193,0.027978339350180504,0.05821360715868329,0.046448152632829746,0.022037320142657944,0.10788339150071855,10.45494543546637,554,"{""damp"": 1.0, ""k"": 10, ""mode"": ""residual"", ""shrink"": 50, ""similarity"": ""residual""}"
user_knn,grid,10,100,1.0,residual,residual,0.8831408371034151,0.6777587278327634,0.027075812274368234,0.05636836255170583,0.04583741883027413,0.02192844982959088,0.10634366659823445,10.41601991865518,554,"{""damp"": 1.0, ""k"": 10, ""mode"": ""residual"", ""shrink"": 100, ""similarity"": ""residual""}"
user_knn,grid,20,0,1.0,residual,residual,0.8812195941723447,0.6755236451820364,0.020938628158844768,0.04642460442920054,0.03836374439712135,0.018780346876014747,0.10911517142270581,10.62616973930253,554,"{""damp"": 1.0, ""k"": 20, ""mode"": ""residual"", ""shrink"": 0, ""similarity"": ""residual""}"
user_knn,grid,20,10,1.0,residual,residual,0.8797784865080625,0.6743666600467321,0.0240072202166065,0.057125260598495216,0.04242268391528222,0.019905717300959695,0.10254567850544036,10.430202371301485,554,"{""damp"": 1.0, ""k"": 20, ""mode"": ""residual"", ""shrink"": 10, ""similarity"": ""residual""}"
user_knn,grid,20,25,1.0,residual,residual,0.8800749532586377,0.6746435078895291,0.02707581227436823,0.059264136898021326,0.045927880118010946,0.021386429621989188,0.09802915212482037,10.351994500709148,554,"{""damp"": 1.0, ""k"": 20, ""mode"": ""residual"", ""shrink"": 25, ""similarity"": ""residual""}"
user_knn,grid,20,50,1.0,residual,residual,0.8807949382593719,0.6753601203690708,0.028700361010830323,0.063473191507988,0.04825269158457967,0.022547788569900484,0.09536029562718128,10.296985889029095,554,"{""damp"": 1.0, ""k"": 20, ""mode"": ""residual"", ""shrink"": 50, ""similarity"": ""residual""}"
user_knn,grid,20,100,1.0,residual,residual,0.8818250019722024,0.6763609410621672,0.029061371841155238,0.06463019744833244,0.049163625880978355,0.023536103470670255,0.09382057072469718,10.2577909384588,554,"{""damp"": 1.0, ""k"": 20, ""mode"": ""residual"", ""shrink"": 100, ""similarity"": ""residual""}"
user_knn,grid,40,0,1.0,residual,residual,0.879767046234762,0.6739765319434696,0.020216606498194945,0.04027397744749482,0.03374555710059435,0.015542133620395611,0.10377745842742764,10.576259208289404,554,"{""damp"": 1.0, ""k"": 40, ""mode"": ""residual"", ""shrink"": 0, ""similarity"": ""residual""}"
user_knn,grid,40,10,1.0,residual,residual,0.8783159430790788,0.6730639080776756,0.025631768953068592,0.056507009050800035,0.04604373153419707,0.022525937704938905,0.09443646068569082,10.350535870287723,554,"{""damp"": 1.0, ""k"": 40, ""mode"": ""residual"", ""shrink"": 10, ""similarity"": ""residual""}"
user_knn,grid,40,25,1.0,residual,residual,0.8788899630874686,0.6737146122179368,0.028339350180505415,0.06427816095009367,0.04970925315446266,0.024198761634617743,0.08920139601724492,10.251249247776949,554,"{""damp"": 1.0, ""k"": 40, ""mode"": ""residual"", ""shrink"": 25, ""similarity"": ""residual""}"
user_knn,grid,40,50,1.0,residual,residual,0.8798255379657025,0.674524803557765,0.028339350180505415,0.06755539080674591,0.05186211412978776,0.02550661750861596,0.08755902278792856,10.195120839280658,554,"{""damp"": 1.0, ""k"": 40, ""mode"": ""residual"", ""shrink"": 50, ""similarity"": ""residual""}"
user_knn,grid,40,100,1.0,residual,residual,0.8811550106318196,0.6757744483246946,0.02888086642599278,0.0704309934391065,0.05456743250079444,0.02777266141113485,0.08622459453910901,10.143883839571744,554,"{""damp"": 1.0, ""k"": 40, ""mode"": ""residual"", ""shrink"": 100, ""similarity"": ""residual""}"
user_knn,grid,80,0,1.0,residual,residual,0.8773342762732755,0.6719723889143013,0.02220216606498195,0.04126753414647809,0.035759632699228425,0.01630089249899719,0.09956887702730445,10.625544660889137,554,"{""damp"": 1.0, ""k"": 80, ""mode"": ""residual"", ""shrink"": 0, ""similarity"": ""residual""}"
user_knn,grid,80,10,1.0,residual,residual,0.8773259203655358,0.6720185244830778,0.024909747292418773,0.05547729216897275,0.04375388525239859,0.020775381953824452,0.08950934099774174,10.354106484919733,554,"{""damp"": 1.0, ""k"": 80, ""mode"": ""residual"", ""shrink"": 10, ""similarity"": ""residual""}"
user_knn,grid,80,25,1.0,residual,residual,0.8781677050508377,0.6728132878753137,0.0259927797833935,0.05914475213251564,0.047290443234119114,0.023063658174862403,0.08684048450010265,10.244892828342945,554,"{""damp"": 1.0, ""k"": 80, ""mode"": ""residual"", ""shrink"": 25, ""similarity"": ""residual""}"
user_knn,grid,80,50,1.0,residual,residual,0.8792731602920658,0.6738831167007927,0.02833935018050542,0.06506604961422838,0.051822722179031645,0.025607793658979836,0.08509546294395401,10.17541271870722,554,"{""damp"": 1.0, ""k"": 80, ""mode"": ""residual"", ""shrink"": 50, ""similarity"": ""residual""}"
user_knn,grid,80,100,1.0,residual,residual,0.8807656579962417,0.6753427473399454,0.03014440433212997,0.06538537555590561,0.05378592497807505,0.026826802120768083,0.0832477930609731,10.105666466041594,554,"{""damp"": 1.0, ""k"": 80, ""mode"": ""residual"", ""shrink"": 100, ""similarity"": ""residual""}"
user_knn,grid,150,0,1.0,residual,residual,0.8766438890665212,0.671190753172302,0.019675090252707587,0.03764891865912613,0.03389610417405174,0.016155418846238855,0.09895298706631082,10.753799082145198,554,"{""damp"": 1.0, ""k"": 150, ""mode"": ""residual"", ""shrink"": 0, ""similarity"": ""residual""}"
user_knn,grid,150,10,1.0,residual,residual,0.8769896280562068,0.6716575561772226,0.023826714801444042,0.05308555252148671,0.042751567115537084,0.020450750195786294,0.09012523095873537,10.414150271770565,554,"{""damp"": 1.0, ""k"": 150, ""mode"": ""residual"", ""shrink"": 10, ""similarity"": ""residual""}"
user_knn,grid,150,25,1.0,residual,residual,0.8779277821236728,0.6725634854331011,0.025631768953068592,0.05634034838149823,0.04802776210646345,0.024122368027301843,0.0870457811537672,10.286280363550514,554,"{""damp"": 1.0, ""k"": 150, ""mode"": ""residual"", ""shrink"": 25, ""similarity"": ""residual""}"
user_knn,grid,150,50,1.0,residual,residual,0.879137876629696,0.6737716113349673,0.026534296028880865,0.05760316101459593,0.050091413480171355,0.025491531048841515,0.08447957298296038,10.192600204702533,554,"{""damp"": 1.0, ""k"": 150, ""mode"": ""residual"", ""shrink"": 50, ""similarity"": ""residual""}"
user_knn,grid,150,100,1.0,residual,residual,0.8806838950799363,0.6752600834982471,0.029061371841155238,0.0648199919812307,0.05527647809538689,0.02859026959159115,0.08345308971463765,10.12189813127416,554,"{""damp"": 1.0, ""k"": 150, ""mode"": ""residual"", ""shrink"": 100, ""similarity"": ""residual""}"
item_knn,damp_rmse,150,10,0.1,residual,residual,0.866187430037145,0.659377469775048,0.0036101083032490976,0.010605915049533652,0.006557207664814411,0.0028426021431436593,0.2572367070416752,12.247742587751093,554,"{""damp"": 0.1, ""k"": 150, ""mode"": ""residual"", ""shrink"": 10, ""similarity"": ""residual""}"
item_knn,damp_rmse,150,10,0.5,residual,residual,0.863987156195024,0.6587834285059664,0.013537906137184115,0.027463018677132762,0.02522188140805651,0.013875876263060378,0.19256826113734346,11.331694125181324,554,"{""damp"": 0.5, ""k"": 150, ""mode"": ""residual"", ""shrink"": 10, ""similarity"": ""residual""}"
item_knn,damp_rmse,150,10,2.0,residual,residual,0.8706407515419917,0.6653861068644265,0.02292418772563177,0.043837942800442675,0.040436424649546956,0.020641176245869388,0.15027715048244714,10.879973722901127,554,"{""damp"": 2.0, ""k"": 150, ""mode"": ""residual"", ""shrink"": 10, ""similarity"": ""residual""}"
item_knn,damp_rmse,150,10,5.0,residual,residual,0.8768517616586167,0.6715612214071275,0.02888086642599278,0.052532887117404475,0.04892011785761537,0.02460336561419594,0.1373434613015808,10.74112091796828,554,"{""damp"": 5.0, ""k"": 150, ""mode"": ""residual"", ""shrink"": 10, ""similarity"": ""residual""}"
item_knn,damp_ndcg,20,100,0.1,residual,residual,0.8724093381435369,0.6652756082477745,0.024729241877256315,0.04934708558182339,0.04473532486681495,0.023062491643267815,0.11404229111065489,10.30248289810162,554,"{""damp"": 0.1, ""k"": 20, ""mode"": ""residual"", ""shrink"": 100, ""similarity"": ""residual""}"
item_knn,damp_ndcg,20,100,0.5,residual,residual,0.8750688578394654,0.6697835409318555,0.03754512635379061,0.07446604293916237,0.06465262218418327,0.03346924023319717,0.09156230753438718,9.975229725754675,554,"{""damp"": 0.5, ""k"": 20, ""mode"": ""residual"", ""shrink"": 100, ""similarity"": ""residual""}"
item_knn,damp_ndcg,20,100,2.0,residual,residual,0.8821923562901218,0.6771208829766316,0.041335740072202164,0.08103019053698722,0.07260517800589235,0.03872775318510878,0.08509546294395401,9.883202267347313,554,"{""damp"": 2.0, ""k"": 20, ""mode"": ""residual"", ""shrink"": 100, ""similarity"": ""residual""}"
item_knn,damp_ndcg,20,100,5.0,residual,residual,0.8850861636188044,0.6799131427064752,0.041877256317689536,0.08228977955937089,0.07492632060920144,0.04037389810517067,0.08396633134879901,9.865665677687767,554,"{""damp"": 5.0, ""k"": 20, ""mode"": ""residual"", ""shrink"": 100, ""similarity"": ""residual""}"
user_knn,damp_rmse,150,0,0.1,residual,residual,0.8751762990766624,0.6680107064906501,0.0037906137184115533,0.004739908699756351,0.0053924203233917,0.0022217975637908592,0.11722438924245535,13.21663684347643,554,"{""damp"": 0.1, ""k"": 150, ""mode"": ""residual"", ""shrink"": 0, ""similarity"": ""residual""}"
user_knn,damp_rmse,150,0,0.5,residual,residual,0.8735643785529618,0.6677729505636938,0.014981949458483756,0.024321453104807444,0.022511611223235233,0.009682918293671258,0.11424758776431944,11.371265649107135,554,"{""damp"": 0.5, ""k"": 150, ""mode"": ""residual"", ""shrink"": 0, ""similarity"": ""residual""}"
user_knn,damp_rmse,150,0,2.0,residual,residual,0.8800697552419928,0.6747728806087125,0.02527075812274368,0.050589098663005545,0.04413653835333577,0.021556235009045736,0.08612194621227674,10.317373097712006,554,"{""damp"": 2.0, ""k"": 150, ""mode"": ""residual"", ""shrink"": 0, ""similarity"": ""residual""}"
user_knn,damp_rmse,150,0,5.0,residual,residual,0.883669412995883,0.6784570048180765,0.02942238267148014,0.059700770005770405,0.05359805082789774,0.027527764816315612,0.07678094847053993,10.02242262897095,554,"{""damp"": 5.0, ""k"": 150, ""mode"": ""residual"", ""shrink"": 0, ""similarity"": ""residual""}"
user_knn,damp_ndcg,150,100,0.1,residual,residual,0.8699780353415544,0.6639427527196617,0.01516245487364621,0.03834659066440655,0.028596831213396408,0.013891742116020093,0.11260521453500308,11.18985839515861,554,"{""damp"": 0.1, ""k"": 150, ""mode"": ""residual"", ""shrink"": 100, ""similarity"": ""residual""}"
user_knn,damp_ndcg,150,100,0.5,residual,residual,0.8769131767440433,0.6714386841856642,0.024368231046931407,0.055518150736610324,0.046973117731054725,0.023903661544842567,0.08766167111476084,10.280347003792222,554,"{""damp"": 0.5, ""k"": 150, ""mode"": ""residual"", ""shrink"": 100, ""similarity"": ""residual""}"
user_knn,damp_ndcg,150,100,2.0,residual,residual,0.8835363446263291,0.6781779026651998,0.0315884476534296,0.06759829015270963,0.05802052682240563,0.029748096825305867,0.07986039827550812,10.029100217281911,554,"{""damp"": 2.0, ""k"": 150, ""mode"": ""residual"", ""shrink"": 100, ""similarity"": ""residual""}"
user_knn,damp_ndcg,150,100,5.0,residual,residual,0.8857828876662027,0.6804564464572604,0.03285198555956679,0.06701455331826027,0.059170674120910365,0.030229392298435624,0.07893656333401766,9.973193680557959,554,"{""damp"": 5.0, ""k"": 150, ""mode"": ""residual"", ""shrink"": 100, ""similarity"": ""residual""}"
item_knn,raw_similarity,20,100,5.0,residual,raw_ratings,0.8804855015996399,0.6760926835442769,0.037364620938628156,0.07997218286286951,0.06693929987010083,0.036813291501919664,0.09012523095873537,9.777002776600128,554,"{""damp"": 5.0, ""k"": 20, ""mode"": ""residual"", ""shrink"": 100, ""similarity"": ""raw_ratings""}"
item_knn,implicit_comparison,20,100,5.0,implicit,,,,0.04783393501805054,0.09637734810885192,0.09028257839611532,0.050681619418726176,0.05070827345514268,9.37583660498649,554,"{""damp"": 5.0, ""k"": 20, ""mode"": ""implicit"", ""shrink"": 100}"
user_knn,implicit_comparison,150,100,5.0,implicit,,,,0.0427797833935018,0.09861245363671589,0.08289310763459323,0.047584575246063125,0.021145555327448162,8.752207777192607,554,"{""damp"": 5.0, ""k"": 150, ""mode"": ""implicit"", ""shrink"": 100}"
