trial,n_factors,reg,lr,init_std,epochs,seed,patience,best_epoch,val_rmse,val_mae,ndcg@10,recall@10,coverage,novelty,users_evaluated,status,failure,params
1,128,0.05,0.01,0.1,60,42,4,22,0.8761776496116426,0.6704838650552699,0.018117562359973742,0.017376449183905688,0.04413878053787723,11.4390319905044,554,ok,,"{""epochs"": 60, ""init_std"": 0.1, ""lr"": 0.01, ""n_factors"": 128, ""patience"": 4, ""reg"": 0.05, ""seed"": 42}"
2,128,0.2,0.005,0.05,60,42,4,29,0.8840705520105735,0.6783661695650551,0.010124181723089615,0.012765635533565604,0.003079449804968179,11.701378624109706,554,ok,,"{""epochs"": 60, ""init_std"": 0.05, ""lr"": 0.005, ""n_factors"": 128, ""patience"": 4, ""reg"": 0.2, ""seed"": 42}"
3,8,0.05,0.005,0.01,60,42,4,23,0.8826767298950577,0.6774278464077854,0.018383944551902627,0.013655053142297294,0.0037979880927940875,11.187987965042648,554,ok,,"{""epochs"": 60, ""init_std"": 0.01, ""lr"": 0.005, ""n_factors"": 8, ""patience"": 4, ""reg"": 0.05, ""seed"": 42}"
4,128,0.1,0.002,0.1,60,42,4,58,0.884030960933149,0.6779932111622244,0.013525322240510571,0.014764347242406854,0.014165469102853623,11.156383417382333,554,ok,,"{""epochs"": 60, ""init_std"": 0.1, ""lr"": 0.002, ""n_factors"": 128, ""patience"": 4, ""reg"": 0.1, ""seed"": 42}"
5,8,0.03,0.01,0.05,60,42,4,24,0.8743161651923415,0.6691372274776091,0.013838062682716477,0.011700240090994796,0.01898994046397044,11.91689682162195,554,ok,,"{""epochs"": 60, ""init_std"": 0.05, ""lr"": 0.01, ""n_factors"": 8, ""patience"": 4, ""reg"": 0.03, ""seed"": 42}"
6,64,0.1,0.002,0.01,60,42,4,47,0.8853382744238497,0.6797735069025442,0.018939001409673493,0.01730987507759462,0.00390063641962636,10.669233538619569,554,ok,,"{""epochs"": 60, ""init_std"": 0.01, ""lr"": 0.002, ""n_factors"": 64, ""patience"": 4, ""reg"": 0.1, ""seed"": 42}"
7,16,0.05,0.002,0.1,60,42,4,59,0.8819951301348481,0.6765099825930264,0.01618684215113639,0.01530024164206338,0.00934099774173681,11.01115600521949,554,ok,,"{""epochs"": 60, ""init_std"": 0.1, ""lr"": 0.002, ""n_factors"": 16, ""patience"": 4, ""reg"": 0.05, ""seed"": 42}"
8,64,0.2,0.002,0.01,60,42,4,47,0.8886684314914479,0.682310747023367,0.018085734660831777,0.013173705368530748,0.0037979880927940875,11.366496048509163,554,ok,,"{""epochs"": 60, ""init_std"": 0.01, ""lr"": 0.002, ""n_factors"": 64, ""patience"": 4, ""reg"": 0.2, ""seed"": 42}"
9,16,0.1,0.002,0.1,60,42,4,59,0.8834741794257926,0.6777617424935565,0.015858957315122896,0.013973438696401684,0.004619174707452269,11.367427964022509,554,ok,,"{""epochs"": 60, ""init_std"": 0.1, ""lr"": 0.002, ""n_factors"": 16, ""patience"": 4, ""reg"": 0.1, ""seed"": 42}"
10,32,0.2,0.01,0.1,60,42,4,21,0.8824623313033486,0.6772635842546779,0.003752980200736012,0.004061123759642784,0.003079449804968179,12.37491293530477,554,ok,,"{""epochs"": 60, ""init_std"": 0.1, ""lr"": 0.01, ""n_factors"": 32, ""patience"": 4, ""reg"": 0.2, ""seed"": 42}"
11,128,0.03,0.005,0.05,60,42,4,41,0.8687072836921388,0.6659870468304421,0.022254863424016114,0.020857706498954232,0.02761239991788134,11.250437966092656,554,ok,,"{""epochs"": 60, ""init_std"": 0.05, ""lr"": 0.005, ""n_factors"": 128, ""patience"": 4, ""reg"": 0.03, ""seed"": 42}"
12,8,0.2,0.002,0.01,60,42,4,57,0.8872909770652863,0.6810027645977264,0.017012048007107573,0.012695797128889654,0.0034900431122972695,11.538595395398751,554,ok,,"{""epochs"": 60, ""init_std"": 0.01, ""lr"": 0.002, ""n_factors"": 8, ""patience"": 4, ""reg"": 0.2, ""seed"": 42}"
13,32,0.2,0.005,0.05,60,42,4,26,0.8850909673261295,0.6796916871768828,0.01541663783397472,0.012765635533565604,0.0031820981318004516,11.611547834173061,554,ok,,"{""epochs"": 60, ""init_std"": 0.05, ""lr"": 0.005, ""n_factors"": 32, ""patience"": 4, ""reg"": 0.2, ""seed"": 42}"
14,128,0.1,0.01,0.05,60,42,4,32,0.8707079606963608,0.666743366636419,0.006207107591056642,0.007336739302299842,0.012523095873537261,12.667453861933904,554,ok,,"{""epochs"": 60, ""init_std"": 0.05, ""lr"": 0.01, ""n_factors"": 128, ""patience"": 4, ""reg"": 0.1, ""seed"": 42}"
15,32,0.01,0.01,0.01,60,42,4,25,0.8686758072904184,0.6656418193266768,0.013954328565096125,0.01049011160896035,0.01898994046397044,11.943374552451532,554,ok,,"{""epochs"": 60, ""init_std"": 0.01, ""lr"": 0.01, ""n_factors"": 32, ""patience"": 4, ""reg"": 0.01, ""seed"": 42}"
16,128,0.01,0.01,0.01,60,42,4,25,0.8635384470815574,0.6625630139235175,0.02165366689903467,0.019381758499615313,0.022787928556764526,11.759897146382006,554,ok,,"{""epochs"": 60, ""init_std"": 0.01, ""lr"": 0.01, ""n_factors"": 128, ""patience"": 4, ""reg"": 0.01, ""seed"": 42}"
17,16,0.1,0.005,0.1,60,42,4,25,0.8817267863009004,0.6767179495225689,0.014515530496248059,0.013245686705111785,0.004413878053787723,11.48848202904744,554,ok,,"{""epochs"": 60, ""init_std"": 0.1, ""lr"": 0.005, ""n_factors"": 16, ""patience"": 4, ""reg"": 0.1, ""seed"": 42}"
18,64,0.1,0.005,0.1,60,42,4,38,0.8786376507848471,0.6732306394680089,0.008370710389959242,0.011029593296620843,0.012215150893040443,11.92254800478303,554,ok,,"{""epochs"": 60, ""init_std"": 0.1, ""lr"": 0.005, ""n_factors"": 64, ""patience"": 4, ""reg"": 0.1, ""seed"": 42}"
19,16,0.05,0.002,0.01,60,42,4,59,0.8826202659746603,0.6773947006020343,0.014860919368352269,0.013173705368530748,0.003695339765961815,11.370037689273435,554,ok,,"{""epochs"": 60, ""init_std"": 0.01, ""lr"": 0.002, ""n_factors"": 16, ""patience"": 4, ""reg"": 0.05, ""seed"": 42}"
20,64,0.03,0.01,0.01,60,42,4,36,0.8654372159638669,0.6625208433895311,0.0161885964760796,0.013967887428172749,0.027509751591049066,12.144597808393662,554,ok,,"{""epochs"": 60, ""init_std"": 0.01, ""lr"": 0.01, ""n_factors"": 64, ""patience"": 4, ""reg"": 0.03, ""seed"": 42}"
21,64,0.2,0.005,0.05,60,42,4,31,0.885352483697455,0.6793739981620095,0.008502830738535095,0.01249165409983688,0.0028741531513036336,11.824675705497869,554,ok,,"{""epochs"": 60, ""init_std"": 0.05, ""lr"": 0.005, ""n_factors"": 64, ""patience"": 4, ""reg"": 0.2, ""seed"": 42}"
22,8,0.01,0.005,0.1,60,42,4,23,0.8824716126680264,0.6771771842245313,0.02139980430192542,0.01844482702118126,0.014268117429685897,10.785670812159086,554,ok,,"{""epochs"": 60, ""init_std"": 0.1, ""lr"": 0.005, ""n_factors"": 8, ""patience"": 4, ""reg"": 0.01, ""seed"": 42}"
23,64,0.01,0.01,0.05,60,42,4,15,0.877970444564316,0.6731958664406841,0.023715830808763168,0.022041487379791783,0.023095873537261342,11.07809287644537,554,ok,,"{""epochs"": 60, ""init_std"": 0.05, ""lr"": 0.01, ""n_factors"": 64, ""patience"": 4, ""reg"": 0.01, ""seed"": 42}"
24,64,0.05,0.002,0.1,60,42,4,47,0.8854791385619082,0.6795811539195965,0.021862079414634424,0.022678799197558802,0.015397249024840895,10.484410597106587,554,ok,,"{""epochs"": 60, ""init_std"": 0.1, ""lr"": 0.002, ""n_factors"": 64, ""patience"": 4, ""reg"": 0.05, ""seed"": 42}"
25,8,0.2,0.002,0.1,60,42,4,57,0.8872846943891312,0.6810504313845119,0.01628805926330718,0.012590469744681405,0.003387394785464997,11.567748663925727,554,ok,,"{""epochs"": 60, ""init_std"": 0.1, ""lr"": 0.002, ""n_factors"": 8, ""patience"": 4, ""reg"": 0.2, ""seed"": 42}"
