config,seed,best_epoch,rmse,ndcg@10
mf_rmse,11,25,0.8801417906531595,0.036145390435894174
mf_rmse,21,25,0.8797941540845612,0.035635678397005224
mf_rmse,31,25,0.8792696545703005,0.037458494839843336
mf_rmse,41,25,0.8802063617082446,0.03507701393614093
mf_rmse,51,25,0.8794287393203031,0.03542351725262518
mf_ndcg,11,15,0.8947776327989878,0.03486892329183773
mf_ndcg,21,15,0.8919389356231218,0.03478694286518021
mf_ndcg,31,15,0.8918480999288095,0.03882430675292129
mf_ndcg,41,15,0.8924909426846748,0.03603028609344682
mf_ndcg,51,15,0.8925518458730345,0.037916379164378664
