userId,title,rating,pred_mf,absolute_error,user_rating_count,item_trainval_count
543,Burnt by the Sun (Utomlyonnye solntsem) (1994),0.5,4.914253271538597,4.414253271538597,60,4
154,"Fast Five (Fast and the Furious 5, The) (2011)",0.5,4.653550592414374,4.153550592414374,27,5
129,Sling Blade (1996),0.5,4.367518729299501,3.8675187292995012,112,36
413,Zoolander (2001),0.5,4.276843699203395,3.776843699203395,44,43
522,Dallas Buyers Club (2013),0.5,4.250703092764012,3.750703092764012,160,14
154,Furious 7 (2015),0.5,4.227290481585251,3.727290481585251,27,4
291,Inside Out (2015),1.0,4.574185105161568,3.5741851051615683,24,32
328,Singin' in the Rain (1952),0.5,4.057425707304209,3.5574257073042093,204,42
313,"Third Man, The (1949)",1.0,4.497330870383508,3.497330870383508,272,18
419,What's Eating Gilbert Grape (1993),0.5,3.9619348981906977,3.4619348981906977,124,60
598,"Silence of the Lambs, The (1991)",0.5,3.955443408045086,3.455443408045086,16,251
64,Pay It Forward (2000),0.5,3.9303699569403414,3.4303699569403414,413,21
246,"Girl with the Dragon Tattoo, The (2011)",1.0,4.417841090401903,3.417841090401903,163,34
85,Sling Blade (1996),1.0,4.413655797782408,3.4136557977824076,27,36
1,"Talented Mr. Ripley, The (1999)",1.0,4.412789856153121,3.412789856153121,185,36
275,Farewell My Concubine (Ba wang bie ji) (1993),1.0,4.407216568566058,3.4072165685660583,322,7
572,"Grifters, The (1990)",1.0,4.3966954667486835,3.3966954667486835,124,19
551,Kill Bill: Vol. 1 (2003),0.5,3.878804153101078,3.378804153101078,98,113
525,Jackass: The Movie (2002),0.5,3.8603415611885783,3.3603415611885783,400,15
4,Moulin Rouge (2001),1.0,4.357088607177908,3.357088607177908,172,45
