model,n_ratings,ndcg_at_10
pop,0,0.0637801287698499
content,0,0.0637801287698499
iknn,0,0.0637801287698499
mf,0,0.0637801287698499
hybrid,0,0.0637801287698499
pop,1,0.0637801287698499
content,1,0.0044616087216544
iknn,1,0.0190837714890182
mf,1,0.0164175635411518
hybrid,1,0.0331608501438051
pop,3,0.0637801287698499
content,3,0.004457047421691
iknn,3,0.0273979149870324
mf,3,0.021728378478534
hybrid,3,0.0354542298884289
pop,5,0.0637801287698499
content,5,0.0047541980007679
iknn,5,0.0343480444424381
mf,5,0.0204079412414382
hybrid,5,0.0407022618452827
pop,10,0.0637801287698499
content,10,0.0021955685727486
iknn,10,0.0387778617774148
mf,10,0.023240126611637
hybrid,10,0.0419449325608229
pop,20,0.0637801287698499
content,20,0.0041255691409678
iknn,20,0.0551114727332075
mf,20,0.0256691499087797
hybrid,20,0.0618936779008056
pop,50,0.0637801287698499
content,50,0.0030703730302742
iknn,50,0.0654554440409401
mf,50,0.0299198791960581
hybrid,50,0.0718175544151667
hybrid_cold,0,0.0637801287698499
hybrid_cold,1,0.0603303795597972
hybrid_cold,3,0.0653088599921156
hybrid_cold,5,0.0663219919127495
hybrid_cold,10,0.0419449325608229
hybrid_cold,20,0.0618936779008056
hybrid_cold,50,0.0718175544151667
