model,popularity_decile,recommendation_share,test_relevant_share,top_decile_recommendation_share,top_decile_test_relevant_share
random,1,0.1048986486486486,0.0401724681880323,0.0888513513513513,0.5483226417078557
random,2,0.0969594594594594,0.032074876432853,0.0888513513513513,0.5483226417078557
random,3,0.0988175675675675,0.0118834788095488,0.0888513513513513,0.5483226417078557
random,4,0.0989864864864864,0.0157745293932064,0.0888513513513513,0.5483226417078557
random,5,0.1045608108108108,0.0190345988011357,0.0888513513513513,0.5483226417078557
random,6,0.0949324324324324,0.0331265117257335,0.0888513513513513,0.5483226417078557
random,7,0.1099662162162162,0.0502681669996845,0.0888513513513513,0.5483226417078557
random,8,0.1010135135135135,0.0769797034388474,0.0888513513513513,0.5483226417078557
random,9,0.1010135135135135,0.1723630245031023,0.0888513513513513,0.5483226417078557
random,10,0.0888513513513513,0.5483226417078557,0.0888513513513513,0.5483226417078557
popularity_count,1,0.0,0.0401724681880323,1.0,0.5483226417078557
popularity_count,2,0.0,0.032074876432853,1.0,0.5483226417078557
popularity_count,3,0.0,0.0118834788095488,1.0,0.5483226417078557
popularity_count,4,0.0,0.0157745293932064,1.0,0.5483226417078557
popularity_count,5,0.0,0.0190345988011357,1.0,0.5483226417078557
popularity_count,6,0.0,0.0331265117257335,1.0,0.5483226417078557
popularity_count,7,0.0,0.0502681669996845,1.0,0.5483226417078557
popularity_count,8,0.0,0.0769797034388474,1.0,0.5483226417078557
popularity_count,9,0.0,0.1723630245031023,1.0,0.5483226417078557
popularity_count,10,1.0,0.5483226417078557,1.0,0.5483226417078557
popularity_bayes,1,0.0,0.0401724681880323,0.9998310810810812,0.5483226417078557
popularity_bayes,2,0.0,0.032074876432853,0.9998310810810812,0.5483226417078557
popularity_bayes,3,0.0,0.0118834788095488,0.9998310810810812,0.5483226417078557
popularity_bayes,4,0.0,0.0157745293932064,0.9998310810810812,0.5483226417078557
popularity_bayes,5,0.0,0.0190345988011357,0.9998310810810812,0.5483226417078557
popularity_bayes,6,0.0,0.0331265117257335,0.9998310810810812,0.5483226417078557
popularity_bayes,7,0.0,0.0502681669996845,0.9998310810810812,0.5483226417078557
popularity_bayes,8,0.0,0.0769797034388474,0.9998310810810812,0.5483226417078557
popularity_bayes,9,0.0001689189189189,0.1723630245031023,0.9998310810810812,0.5483226417078557
popularity_bayes,10,0.9998310810810812,0.5483226417078557,0.9998310810810812,0.5483226417078557
bias,1,0.0,0.0401724681880323,0.9989864864864864,0.5483226417078557
bias,2,0.0,0.032074876432853,0.9989864864864864,0.5483226417078557
bias,3,0.0,0.0118834788095488,0.9989864864864864,0.5483226417078557
bias,4,0.0,0.0157745293932064,0.9989864864864864,0.5483226417078557
bias,5,0.0,0.0190345988011357,0.9989864864864864,0.5483226417078557
bias,6,0.0,0.0331265117257335,0.9989864864864864,0.5483226417078557
bias,7,0.0,0.0502681669996845,0.9989864864864864,0.5483226417078557
bias,8,0.0003378378378378,0.0769797034388474,0.9989864864864864,0.5483226417078557
bias,9,0.0006756756756756,0.1723630245031023,0.9989864864864864,0.5483226417078557
bias,10,0.9989864864864864,0.5483226417078557,0.9989864864864864,0.5483226417078557
content,1,0.0027027027027027,0.0401724681880323,0.9572635135135136,0.5483226417078557
content,2,0.0016891891891891,0.032074876432853,0.9572635135135136,0.5483226417078557
content,3,0.0047297297297297,0.0118834788095488,0.9572635135135136,0.5483226417078557
content,4,0.0028716216216216,0.0157745293932064,0.9572635135135136,0.5483226417078557
content,5,0.0035472972972972,0.0190345988011357,0.9572635135135136,0.5483226417078557
content,6,0.0025337837837837,0.0331265117257335,0.9572635135135136,0.5483226417078557
content,7,0.006081081081081,0.0502681669996845,0.9572635135135136,0.5483226417078557
content,8,0.0057432432432432,0.0769797034388474,0.9572635135135136,0.5483226417078557
content,9,0.0128378378378378,0.1723630245031023,0.9572635135135136,0.5483226417078557
content,10,0.9572635135135136,0.5483226417078557,0.9572635135135136,0.5483226417078557
item_knn,1,0.0,0.0401724681880323,0.9591216216216216,0.5483226417078557
item_knn,2,0.0,0.032074876432853,0.9591216216216216,0.5483226417078557
item_knn,3,0.0,0.0118834788095488,0.9591216216216216,0.5483226417078557
item_knn,4,0.0,0.0157745293932064,0.9591216216216216,0.5483226417078557
item_knn,5,0.0,0.0190345988011357,0.9591216216216216,0.5483226417078557
item_knn,6,0.0010135135135135,0.0331265117257335,0.9591216216216216,0.5483226417078557
item_knn,7,0.0013513513513513,0.0502681669996845,0.9591216216216216,0.5483226417078557
item_knn,8,0.0059121621621621,0.0769797034388474,0.9591216216216216,0.5483226417078557
item_knn,9,0.0326013513513513,0.1723630245031023,0.9591216216216216,0.5483226417078557
item_knn,10,0.9591216216216216,0.5483226417078557,0.9591216216216216,0.5483226417078557
user_knn,1,0.0,0.0401724681880323,0.956418918918919,0.5483226417078557
user_knn,2,0.0,0.032074876432853,0.956418918918919,0.5483226417078557
user_knn,3,0.0,0.0118834788095488,0.956418918918919,0.5483226417078557
user_knn,4,0.0001689189189189,0.0157745293932064,0.956418918918919,0.5483226417078557
user_knn,5,0.0,0.0190345988011357,0.956418918918919,0.5483226417078557
user_knn,6,0.0016891891891891,0.0331265117257335,0.956418918918919,0.5483226417078557
user_knn,7,0.0030405405405405,0.0502681669996845,0.956418918918919,0.5483226417078557
user_knn,8,0.0076013513513513,0.0769797034388474,0.956418918918919,0.5483226417078557
user_knn,9,0.031081081081081,0.1723630245031023,0.956418918918919,0.5483226417078557
user_knn,10,0.956418918918919,0.5483226417078557,0.956418918918919,0.5483226417078557
item_knn_implicit,1,0.0,0.0401724681880323,0.9836148648648648,0.5483226417078557
item_knn_implicit,2,0.0010135135135135,0.032074876432853,0.9836148648648648,0.5483226417078557
item_knn_implicit,3,0.0,0.0118834788095488,0.9836148648648648,0.5483226417078557
item_knn_implicit,4,0.0,0.0157745293932064,0.9836148648648648,0.5483226417078557
item_knn_implicit,5,0.002027027027027,0.0190345988011357,0.9836148648648648,0.5483226417078557
item_knn_implicit,6,0.0008445945945945,0.0331265117257335,0.9836148648648648,0.5483226417078557
item_knn_implicit,7,0.0006756756756756,0.0502681669996845,0.9836148648648648,0.5483226417078557
item_knn_implicit,8,0.002027027027027,0.0769797034388474,0.9836148648648648,0.5483226417078557
item_knn_implicit,9,0.0097972972972972,0.1723630245031023,0.9836148648648648,0.5483226417078557
item_knn_implicit,10,0.9836148648648648,0.5483226417078557,0.9836148648648648,0.5483226417078557
user_knn_implicit,1,0.0,0.0401724681880323,0.9996621621621622,0.5483226417078557
user_knn_implicit,2,0.0,0.032074876432853,0.9996621621621622,0.5483226417078557
user_knn_implicit,3,0.0,0.0118834788095488,0.9996621621621622,0.5483226417078557
user_knn_implicit,4,0.0,0.0157745293932064,0.9996621621621622,0.5483226417078557
user_knn_implicit,5,0.0,0.0190345988011357,0.9996621621621622,0.5483226417078557
user_knn_implicit,6,0.0,0.0331265117257335,0.9996621621621622,0.5483226417078557
user_knn_implicit,7,0.0,0.0502681669996845,0.9996621621621622,0.5483226417078557
user_knn_implicit,8,0.0,0.0769797034388474,0.9996621621621622,0.5483226417078557
user_knn_implicit,9,0.0003378378378378,0.1723630245031023,0.9996621621621622,0.5483226417078557
user_knn_implicit,10,0.9996621621621622,0.5483226417078557,0.9996621621621622,0.5483226417078557
mf,1,0.0,0.0401724681880323,0.3864864864864865,0.5483226417078557
mf,2,0.0,0.032074876432853,0.3864864864864865,0.5483226417078557
mf,3,0.0,0.0118834788095488,0.3864864864864865,0.5483226417078557
mf,4,0.0,0.0157745293932064,0.3864864864864865,0.5483226417078557
mf,5,0.0,0.0190345988011357,0.3864864864864865,0.5483226417078557
mf,6,0.0001689189189189,0.0331265117257335,0.3864864864864865,0.5483226417078557
mf,7,0.0086148648648648,0.0502681669996845,0.3864864864864865,0.5483226417078557
mf,8,0.1820945945945946,0.0769797034388474,0.3864864864864865,0.5483226417078557
mf,9,0.4226351351351351,0.1723630245031023,0.3864864864864865,0.5483226417078557
mf,10,0.3864864864864865,0.5483226417078557,0.3864864864864865,0.5483226417078557
mf_ndcg,1,0.0,0.0401724681880323,0.6591216216216216,0.5483226417078557
mf_ndcg,2,0.0,0.032074876432853,0.6591216216216216,0.5483226417078557
mf_ndcg,3,0.0,0.0118834788095488,0.6591216216216216,0.5483226417078557
mf_ndcg,4,0.0,0.0157745293932064,0.6591216216216216,0.5483226417078557
mf_ndcg,5,0.0,0.0190345988011357,0.6591216216216216,0.5483226417078557
mf_ndcg,6,0.0,0.0331265117257335,0.6591216216216216,0.5483226417078557
mf_ndcg,7,0.0003378378378378,0.0502681669996845,0.6591216216216216,0.5483226417078557
mf_ndcg,8,0.0175675675675675,0.0769797034388474,0.6591216216216216,0.5483226417078557
mf_ndcg,9,0.3229729729729729,0.1723630245031023,0.6591216216216216,0.5483226417078557
mf_ndcg,10,0.6591216216216216,0.5483226417078557,0.6591216216216216,0.5483226417078557
hybrid,1,0.0,0.0401724681880323,0.9902027027027028,0.5483226417078557
hybrid,2,0.0001689189189189,0.032074876432853,0.9902027027027028,0.5483226417078557
hybrid,3,0.0,0.0118834788095488,0.9902027027027028,0.5483226417078557
hybrid,4,0.0,0.0157745293932064,0.9902027027027028,0.5483226417078557
hybrid,5,0.0,0.0190345988011357,0.9902027027027028,0.5483226417078557
hybrid,6,0.0003378378378378,0.0331265117257335,0.9902027027027028,0.5483226417078557
hybrid,7,0.0008445945945945,0.0502681669996845,0.9902027027027028,0.5483226417078557
hybrid,8,0.0005067567567567,0.0769797034388474,0.9902027027027028,0.5483226417078557
hybrid,9,0.0079391891891891,0.1723630245031023,0.9902027027027028,0.5483226417078557
hybrid,10,0.9902027027027028,0.5483226417078557,0.9902027027027028,0.5483226417078557
